url,date
https://ground.news/article/ec825844-072e-47b7-bf08-a4cd3e7a5bb4,2025-02-01
https://ground.news/article/person-in-car-killed-along-with-six-people-on-board-medical-plane-in-philadelphia-crash_253e05,2025-02-01
https://ground.news/article/venezuela-agrees-to-accept-migrants-in-deal-paving-way-for-deportations-trump-says_cf8b28,2025-02-01
https://ground.news/article/fatal-dc-aircraft-collision-black-boxes-recovered-as-investigation-progresses,2025-02-01
https://ground.news/article/tulsi-gabbards-dni-nomination-faces-uncertainty-over-edward-snowden-stance_ffed4f,2025-02-01
https://ground.news/article/army-releases-name-of-3rd-pilot-who-died-in-helicopter-and-airliner-crash-near-dc-airport_4337d9,2025-02-01
https://ground.news/article/ravens-kicker-justin-tucker-accused-of-sexual-misconduct-denies-allegations_c99223,2025-02-01
https://ground.news/article/chicago-fugitive-on-fbis-most-wanted-list-for-wedding-night-killing-captured-in-mexico,2025-02-01
https://ground.news/article/recovery-crews-return-to-the-potomac-debris-after-the-deadly-plane-and-helicopter-crash_5b9d68,2025-02-01
https://ground.news/article/agriculture-department-staff-told-to-unpublish-pages-focused-on-climate-change,2025-02-01
https://ground.news/article/governor-directs-state-agencies-to-ban-dei-policies,2025-02-01
https://ground.news/article/tva-ceo-and-president-announces-intent-to-retire-newsradio-1230-am-993-fm-hopkinsvilles-news-leader-hopkinsville-kentucky_8379a9,2025-02-01
https://ground.news/article/elon-musk-spent-288-million-to-elect-trump,2025-02-01
https://ground.news/article/when-will-us-house-prices-and-mortgage-rates-fall,2025-02-01
https://ground.news/article/cbs-agrees-to-release-harris-transcript-to-fcc-amid-trump-lawsuit_4642de,2025-02-01
https://ground.news/article/us-advisor-who-flew-to-bedford-to-try-and-rape-a-child-is-jailed,2025-02-01
https://ground.news/article/962bd92f-7e52-4d40-8d6a-74c74f804cfd,2025-02-01
https://ground.news/article/american-media-first-marjorie-taylor-greene-rips-reporters-accent-calls-to-throw-out-all-the-foreign-press,2025-02-01
https://ground.news/article/trump-fires-the-director-of-the-consumer-financial-protection-bureau_044a6f,2025-02-01
https://ground.news/article/the-western-monarch-butterfly-population-in-california-is-sharply-declining-study-finds,2025-02-01
https://ground.news/article/captain-sully-hero-of-miracle-on-the-hudson-shares-chilling-theory-on-the-dc-plane-crash,2025-02-01
https://ground.news/article/ken-martin-elected-new-chair-of-democratic-national-committee,2025-02-01
https://ground.news/article/trump-says-us-airstrikes-have-killed-many-isis-terrorists-in-somalia_1a02d8,2025-02-01
https://ground.news/article/trump-officials-make-plans-to-revoke-legal-status-of-migrants-welcomed-under-biden,2025-02-01
https://ground.news/article/eaton-and-palisades-wildfires-are-fully-contained-authorities_a77def,2025-02-01
https://ground.news/article/us-wants-elections-in-ukraine-after-ceasefire,2025-02-01
https://ground.news/article/atlanta-rethinks-clearing-homeless-camps-after-a-man-is-crushed-inside-his-tent,2025-02-01
https://ground.news/article/fbi-doesnt-believe-new-orleans-attacker-was-solely-responsible-asks-publics-help-in-tracking-down-associates_9a6f93,2025-01-01
https://ground.news/article/sugar-bowl-postponed-24-hours-following-deadly-attack-in-new-orleans_fd5042,2025-01-01
https://ground.news/article/2cdf067f-8fca-4a2b-8390-e6b51645ccb0,2025-01-01
https://ground.news/article/1-person-dies-when-tesla-cybertruck-catches-fire-and-explodes-outside-trumps-las-vegas-hotel_ebcddb,2025-01-01
https://ground.news/article/fbi-confirms-it-is-investigating-new-orleans-ramming-as-act-of-terrorism_11297a,2025-01-01
https://ground.news/article/the-death-toll-from-a-deliberate-crash-in-new-orleans-is-now-15-coroner-says_d3bdf4,2025-01-01
https://ground.news/article/biden-is-giving-the-second-highest-civilian-award-to-the-leaders-of-the-jan-6-congressional-panel,2025-01-01
https://ground.news/article/china-ev-maker-byd-closes-in-on-tesla-as-sales-jump,2025-01-01
https://ground.news/article/firework-mortars-gas-cannisters-stuffed-inside-tesla-that-exploded-outside-trumps-las-vegas-hotel_043366,2025-01-01
https://ground.news/article/us-army-veteran-who-killed-15-in-new-orleans-attack-was-inspired-by-islamic-state-biden-says,2025-01-01
https://ground.news/article/at-least-10-injured-in-shooting-outside-nyc-nightclub_84c240,2025-01-01
https://ground.news/article/senior-doj-officials-leaked-investigation-details-before-election-report_ef4643,2025-01-01
https://ground.news/article/donald-trump-warns-hamas-to-release-gaza-hostages,2025-01-01
https://ground.news/article/malfunctioning-security-bollards-were-removed-from-bourbon-st-before-truck-attack_3d56cc,2025-01-01
https://ground.news/article/biden-says-investigators-looking-for-links-between-new-orleans-attack-las-vegas-cybertruck-explosion,2025-01-01
https://ground.news/article/reporter-tells-trump-biden-thinks-he-couldve-beaten-you-what-do-you-say-at-new-years-eve-party,2025-01-01
https://ground.news/article/transgender-trailblazer-sarah-mcbride-heads-to-her-debut-in-congress-hoping-for-a-touch-of-grace,2025-01-01
https://ground.news/article/new-york-employers-must-now-offer-paid-medical-leave-during-pregnancy_e06e37,2025-01-01
https://ground.news/article/a-fireworks-explosion-in-the-honolulu-area-has-killed-2-people-and-injured-20,2025-01-01
https://ground.news/article/trump-says-new-orleans-attack-confirms-his-rhetoric-on-crime,2025-01-01
https://ground.news/article/sununu-trump-second-term-not-the-evil-dictatorship-warned-about-by-liberal-media,2025-01-01
https://ground.news/article/justice-department-asks-supreme-court-to-reinstate-anti-money-laundering-law,2025-01-01
https://ground.news/article/connecticut-ag-says-hed-be-first-to-sue-if-trump-targets-birthright-citizenship_227c6b,2025-01-01
https://ground.news/article/the-biggest-political-winners-and-losers-of-2024,2025-01-01
https://ground.news/article/florida-man-arrested-for-alleged-plot-against-aipac-office,2025-01-01
https://ground.news/article/dartmouth-basketball-players-end-attempt-to-unionize-in-anticipation-of-shifting-nlrb,2025-01-01
https://ground.news/article/steve-bannon-tells-elon-musk-to-sit-in-the-back-and-study_ad402b,2025-01-01
https://ground.news/article/trump-threatens-100-tariff-on-the-bric-bloc-of-nations-if-they-act-to-undermine-us-dollar_fff02c,2024-12-01
https://ground.news/article/georgian-president-calls-government-illegitimate-pm-says-opposition-plots-revolution_2b1419,2024-12-01
https://ground.news/article/airstrike-in-gaza-kills-world-central-kitchen-workers-who-idf-claims-were-involved-in-oct-7-attack,2024-12-01
https://ground.news/article/sinn-fein-tops-irish-exit-poll-but-coalition-parties-look-set-for-re-election_d6a184,2024-12-01
https://ground.news/article/zelensky-suggests-hes-prepared-to-end-ukraine-war-in-return-for-nato-membership_269d4f,2024-12-01
https://ground.news/article/negotiators-fail-to-reach-an-agreement-on-a-plastic-pollution-treaty-talks-to-resume-next-year,2024-12-01
https://ground.news/article/germanys-top-diplomat-bashes-chinas-weapon-supplies-to-russia_ed8367,2024-12-01
https://ground.news/article/norway-to-stop-deep-sea-mining-says-party-supporting-minority-government_5320df,2024-12-01
https://ground.news/article/fiorentina-inter-halted-after-edoardo-bove-collapses-on-field_a2b13f,2024-12-01
https://ground.news/article/storm-bora-floods-homes-streets-in-greek-island-of-rhodes_0de060,2024-12-01
https://ground.news/article/russia-says-its-forces-capture-two-settlements-in-ukraines-east_72660c,2024-12-01
https://ground.news/article/spain-ten-of-thousands-protest-in-valencia-against-the-authorities-handling-of-floods,2024-12-01
https://ground.news/article/thousands-march-in-serbia-to-mark-1-month-since-a-roof-collapse-killed-15-people_cf613f,2024-12-01
https://ground.news/article/a-new-belgium-law-gives-sex-workers-contracts-benefits-and-safety-protection,2024-12-01
https://ground.news/article/serbia-rejects-responsibility-for-a-water-supply-explosion-in-kosovo-as-tensions-rise,2024-12-01
https://ground.news/article/channel-crossings-under-starmer-hit-new-milestone-as-labour-vows-to-tackle-migration,2024-12-01
https://ground.news/article/were-going-to-be-very-visible-minister-champagne-on-border-plan-amid-trumps-tariff-threat_02afbb,2024-12-01
https://ground.news/article/putin-signs-off-record-russian-defense-spending-as-top-eu-officials-visit-kyiv_4b8ab8,2024-12-01
https://ground.news/article/s-and-p-maintains-france-economy-rating-despite-fiscal-challenges,2024-12-01
https://ground.news/article/the-second-biggest-government-loss-in-icelands-history,2024-12-01
https://ground.news/article/over-40-people-hospitalized-in-georgia-during-protests-over-suspension-of-eu-talks_f8b156,2024-12-01
https://ground.news/article/a-landmark-climate-change-case-will-open-at-the-top-un-court-as-island-nations-fear-rising-seas_8e0739,2024-12-01
https://ground.news/article/romanians-cast-ballots-in-parliamentary-election-as-turmoil-in-presidential-race-grips-the-nation_ed94a8,2024-12-01
https://ground.news/article/a-positive-day-for-us-social-democrats-look-set-to-make-gains-in-dail,2024-12-01
https://ground.news/article/not-a-good-day-green-leader-roderic-ogorman-admits-that-the-party-faces-losing-three-quarters-of-their-seats,2024-12-01
https://ground.news/article/22-year-old-youtuber-freezes-to-death-in-snowstorm-in-sweden-said-ill-survive-you-know-in-last-message,2024-12-01
https://ground.news/article/three-members-of-the-chinese-delegation-declared-undesirable-in-lithuania-business-knowledge,2024-12-01
https://ground.news/article/uk-govt-apologises-after-girls-death-linked-to-pollution_ace20b,2024-11-01
https://ground.news/article/germany-orders-3-iranian-consulates-to-shut-after-an-iranian-german-prisoner-is-executed_f5e8c6,2024-11-01
https://ground.news/article/russia-expels-six-british-diplomats-it-accuses-of-spying-and-sabotage-activity_e8daba,2024-11-01
https://ground.news/article/austria-carries-out-raids-against-72-alleged-islamic-extremists-ahead-of-9-11-anniversary,2024-11-01
https://ground.news/article/biden-says-ending-ban-on-ukraines-use-of-long-range-weapons-being-worked-out_545e53,2024-11-01
https://ground.news/article/about-8-000-north-korean-troops-are-near-the-ukrainian-border-us-diplomat-says-at-un_ba1a00,2024-11-01
https://ground.news/article/math-discovery-of-the-largest-prime-number-endowed-with-41-million-digits,2024-11-01
https://ground.news/article/nvidia-to-join-dow-jones-industrial-average-replacing-intel_95141a,2024-11-01
https://ground.news/article/poland-starts-building-fortifications-on-natos-border-with-russia_8ec3a9,2024-11-01
https://ground.news/article/2f2979f6-416e-4244-b5d9-96ad2bc86241,2024-11-01
https://ground.news/article/microsofts-ai-recall-tool-faces-another-delay-amid-privacy-concerns,2024-11-01
https://ground.news/article/us-is-sending-425-million-in-military-assistance-to-ukraine_6afd4e,2024-11-01
https://ground.news/article/nasas-perseverance-captures-googly-eye-during-solar-eclipse,2024-11-01
https://ground.news/article/amateurish-thieves-steal-2-warhol-prints-damage-2-more-in-botched-heist-at-dutch-gallery_d1e5fb,2024-11-01
https://ground.news/article/japan-eu-announce-new-defense-pact_c0a2dc,2024-11-01
https://ground.news/article/gaza-polio-vaccinations-to-resume-saturday-who_aa7296,2024-11-01
https://ground.news/article/detroit-strengthens-security-at-sites-where-ballots-are-counted,2024-11-01
https://ground.news/article/a-dissident-film-director-from-belarus-is-released-after-1-year-of-detention-in-serbia_63c7e1,2024-11-01
https://ground.news/article/at-least-8-killed-in-roof-collapse-at-serbian-railway-station_265781,2024-11-01
https://ground.news/article/greek-police-say-fatal-athens-apartment-blast-was-likely-caused-by-improvised-bomb_3f1ad6,2024-11-01
https://ground.news/article/sergey-lavrov-to-visit-malta-next-month-russian-media-reports_5742b5,2024-11-01
https://ground.news/article/north-korea-says-it-backs-russia-to-victory-in-ukraine_8ab768,2024-11-01
https://ground.news/article/americans-helping-ukraines-war-efforts-say-the-us-hasnt-done-enough_3be79a,2024-11-01
https://ground.news/article/us-calls-on-a-silent-china-to-use-its-sway-over-russia-and-north-korea_66e212,2024-11-01
https://ground.news/article/drone-crashes-on-oil-depot-in-russias-stavropol-region_e352ad,2024-11-01
https://ground.news/article/five-people-wounded-in-drug-trafficking-shootout-in-western-france_588f47,2024-11-01
https://ground.news/article/russia-sentences-former-us-consulate-worker-to-nearly-5-years-in-prison_000000,2024-11-01
https://ground.news/article/israels-netanyahu-says-iran-made-a-big-mistake-and-will-pay,2024-10-01
https://ground.news/article/euro-zone-inflation-falls-to-18-in-september-below-the-european-central-banks-2-target_0a2ef2,2024-10-01
https://ground.news/article/israel-begins-limited-ground-offensive-against-hezbollah-in-southern-lebanon_534bb8,2024-10-01
https://ground.news/article/uk-becomes-first-g7-nation-to-exit-coal-fired-power_f8ab8a,2024-10-01
https://ground.news/article/norway-is-mulling-building-a-fence-on-its-border-with-russia-following-finlands-example_073be5,2024-10-01
https://ground.news/article/0e566116-9f3a-4428-9301-d601b96a219c,2024-10-01
https://ground.news/article/um-why-on-earth-did-a-man-purchase-a-4k-taylor-swift-guitar-and-then-smash-it-with-a-hammer_c6a19b,2024-10-01
https://ground.news/article/pope-leads-top-cardinals-in-atoning-for-a-host-of-sins-ahead-of-a-new-phase-of-reform-effort,2024-10-01
https://ground.news/article/swiss-glaciers-are-receding-again-after-2-punishing-years-and-despite-a-good-start-to-2024_8a9f2e,2024-10-01
https://ground.news/article/nike-withdraws-annual-revenue-forecast-shares-drop-6,2024-10-01
https://ground.news/article/2917deef-9f0f-40ff-b30a-440df90a17c6,2024-10-01
https://ground.news/article/almost-200k-jeep-hybrids-recalled-over-fire-risk_449321,2024-10-01
https://ground.news/article/nasas-webb-telescope-detects-traces-of-carbon-dioxide-on-the-surface-of-plutos-largest-moon_8be66b,2024-10-01
https://ground.news/article/swiss-police-say-a-man-attacked-and-injured-3-children-in-zurich_81df32,2024-10-01
https://ground.news/article/a-likely-russian-artillery-strike-kills-at-least-6-at-a-ukrainian-market_59ff05,2024-10-01
https://ground.news/article/8-killed-7-wounded-in-shooting-at-tel-aviv-train-station-in-suspected-terrorist-attack_6b6d1f,2024-10-01
https://ground.news/article/harris-to-be-interviewed-trump-declines-60-minutes-election-special_2dc6a2,2024-10-01
https://ground.news/article/wildfire-burning-through-forest-in-southern-greece-kills-2-people_ea8c4f,2024-10-01
https://ground.news/article/lot-polish-airlines-sorry-after-disabled-bbc-reporter-frank-gardner-had-to-crawl-along-floor-on-discriminatory-airline_298f46,2024-10-01
https://ground.news/article/playstation-network-faces-major-service-outage-no-official-reason-given_bfcddd,2024-10-01
https://ground.news/article/navigating-us-presidential-politics-zelenskyy-met-trump-and-harris-now-comes-a-harder-part_336725,2024-10-01
https://ground.news/article/natos-new-chief-makes-ukraine-support-a-top-priority-and-says-he-will-work-with-any-us-president_e66a18,2024-10-01
https://ground.news/article/germany-arrests-woman-who-allegedly-passed-airport-details-to-suspected-spy-for-china_2223d6,2024-10-01
https://ground.news/article/shares-in-automakers-stellantis-and-aston-martin-skid-on-profit-warnings_530a03,2024-10-01
https://ground.news/article/putin-orders-conscription-of-133-000-servicemen-in-russias-autumn-draft_fbd09f,2024-10-01
https://ground.news/article/german-inflation-drops-below-2-for-first-time-since-early-2021_c9bb85,2024-10-01
https://ground.news/article/ai-chipmaker-cerebras-files-for-ipo-to-take-on-nvidia_591afd,2024-10-01
https://ground.news/article/russia-will-change-nuclear-doctrine-due-to-wests-actions-in-ukraine-official-says_d394a7,2024-09-01
https://ground.news/article/russia-says-it-downed-over-150-drones-in-one-of-the-biggest-ukrainian-drone-attacks-of-the-war_b32e4a,2024-09-01
https://ground.news/article/ukrainian-president-fires-air-force-commander-after-fatal-f-16-crash_41cb14,2024-09-01
https://ground.news/article/germany-deports-28-afghan-nationals-to-their-homeland-the-first-since-the-taliban-takeover-in-2021_30a058,2024-09-01
https://ground.news/article/ukraine-says-us-made-f-16-fighter-jet-crashed-killing-a-top-pilot_c3d7c9,2024-09-01
https://ground.news/article/77a86526-e8b3-454f-9574-a510aa335cd4,2024-09-01
https://ground.news/article/man-arrested-in-poland-on-suspicion-of-holding-a-woman-captive-and-abusing-her-for-over-5-years_7b159d,2024-09-01
https://ground.news/article/kremlin-spokesman-says-harris-is-more-predictable-than-trump_7b169c,2024-09-01
https://ground.news/article/at-least-41-injured-including-5-children-as-russia-launches-ballistic-missiles-at-kharkiv,2024-09-01
https://ground.news/article/after-telegram-founder-arrest-russians-fear-loss-of-main-information-source_aa5b9e,2024-09-01
https://ground.news/article/ukraines-top-general-says-situation-difficult-around-main-russian-attack_81d09f,2024-09-01
https://ground.news/article/the-wreckage-of-a-helicopter-missing-in-russias-far-east-is-located-and-17-bodies-found_4c3be5,2024-09-01
https://ground.news/article/germanys-leaders-pay-tribute-to-victims-of-the-solingen-knife-attack_b87c84,2024-09-01
https://ground.news/article/italy-plans-to-charge-visitors-25-a-night-to-crack-down-on-overtourism,2024-09-01
https://ground.news/article/azerbaijan-holds-a-parliamentary-election-expected-to-retain-the-presidential-partys-dominance_a9f2e1,2024-09-01
https://ground.news/article/illegal-migrants-do-not-have-gun-rights-protected-by-2nd-amendment-federal-appeals-court_6e2241,2024-09-01
https://ground.news/article/george-clooney-praises-joe-biden-for-being-selfless-and-giving-up-power_37b271,2024-09-01
https://ground.news/article/poland-marks-the-85th-anniversary-of-nazi-germanys-invasion-at-the-start-of-world-war-ii_f6281f,2024-09-01
https://ground.news/article/paralympic-triathlon-events-are-postponed-because-of-poor-water-quality-in-the-seine-river_be62ab,2024-09-01
https://ground.news/article/airport-liquid-limit-why-have-eu-and-uk-brought-back-100ml-rule_058d96,2024-09-01
https://ground.news/article/crew-member-on-mike-lynch-yacht-tells-of-being-thrown-into-water_8938c6,2024-09-01
https://ground.news/article/ukraines-zelenskiy-presses-us-to-greenlight-deeper-strikes-into-russia_45d0a5,2024-09-01
https://ground.news/article/famed-russian-spy-whale-hvaldimir-found-dead-in-norway-sparks-suspicion_ec4187,2024-09-01
https://ground.news/article/russia-says-five-killed-46-injured-in-ukraine-strike-on-belgorod_27b436,2024-09-01
https://ground.news/article/blood-test-can-predict-womens-risk-for-cardiovascular-disease-in-30-years-study-says_aa6fce,2024-09-01
https://ground.news/article/media-investigation-identifies-66-000-russian-soldiers-killed-in-ukraine_255a59,2024-09-01
https://ground.news/article/report-us-rejected-proposal-to-send-f-16-technicians-to-ukraine_db285f,2024-09-01
https://ground.news/article/biden-calls-russia-prisoner-swap-feat-of-diplomacy_9eab9e,2024-08-01
https://ground.news/article/moldova-expels-russian-diplomat-after-detaining-two-officials-suspected-of-treason-and-conspiracy_252c56,2024-08-01
https://ground.news/article/massive-prisoner-swap-frees-us-reporter-evan-gershkovich-and-paul-whelan-turkish-officials-say_492e20,2024-08-01
https://ground.news/article/bank-of-england-cuts-interest-rates-to-5-in-first-reduction-since-march-2020_688eef,2024-08-01
https://ground.news/article/9-11-plot-mastermind-khalid-sheikh-mohammed-and-co-accused-agree-to-plead-guilty_e379bb,2024-08-01
https://ground.news/article/poland-marks-80th-anniversary-of-warsaw-uprising-honoring-heroes-of-doomed-fight-for-freedom,2024-08-01
https://ground.news/article/dont-panic-taylor-swift-warns-fans-to-expect-sirens-for-wwii-anniversary-in-warsaw-before-concert_42cabc,2024-08-01
https://ground.news/article/extreme-heat-claims-175-000-lives-a-year-in-europe-who_28495c,2024-08-01
https://ground.news/article/extended-drought-parches-sicily-and-farmers-worry-about-being-forced-to-sell-off-animals_b7242c,2024-08-01
https://ground.news/article/snap-shares-plunge-over-20-on-weak-guidance,2024-08-01
https://ground.news/article/who-is-vadim-krasikov-russias-priority-prisoner-in-historic-swap_448b16,2024-08-01
https://ground.news/article/who-is-yusuf-dikec-the-turkish-shooter-who-went-viral-at-the-2024-olympics,2024-08-01
https://ground.news/article/montenegro-court-approves-extradition-of-cryptocurrency-mogul-do-kwon-to-native-south-korea_ae9493,2024-08-01
https://ground.news/article/german-city-renamed-swiftkirchen-for-taylor-swift-concerts-gets-1-400-bids-for-the-signs,2024-08-01
https://ground.news/article/imene-khelif-algeria-boxer-who-had-gender-test-issue-wins-first-olympic-fight-when-opponent-quits_1b6ddb,2024-08-01
https://ground.news/article/vance-hits-biden-over-sweetheart-deal-with-9-11-terrorists_09d7b5,2024-08-01
https://ground.news/article/third-party-candidates-file-to-run-for-president-us-senate-in-pennsylvania_0e798c,2024-08-01
https://ground.news/article/protest-by-climate-activists-at-another-german-airport-halts-cargo-flights_5866e3,2024-08-01
https://ground.news/article/journalist-associations-condemn-sexist-radio-comments-at-olympic-tennis_92f477,2024-08-01
https://ground.news/article/drag-queen-in-olympic-opening-ceremony-has-no-regrets-calls-it-a-photograph-of-france-in-2024_aea615,2024-08-01
https://ground.news/article/dutch-province-warns-parents-against-taking-young-children-to-forests-following-wolf-encounters_308545,2024-08-01
https://ground.news/article/uber-chinas-byd-form-partnership-to-deploy-100-000-evs-in-eu-and-latin-america_b158a9,2024-08-01
https://ground.news/article/typhoons-forming-closer-to-coast-due-to-climate-change-study_daa625,2024-08-01
https://ground.news/article/venice-to-limit-size-of-tour-groups-from-this-week-in-tourism-crackdown_c4eaa3,2024-08-01
https://ground.news/article/nikkei-tumbles-over-3-australia-hits-new-highs-after-powell-signals-possible-rate-cut-in-september_1a03f2,2024-08-01
https://ground.news/article/organic-and-regular-dark-chocolate-contaminated-by-lead-and-cadmium-study-finds_6cdb16,2024-08-01
https://ground.news/article/gen-x-and-millennials-at-higher-cancer-risk-than-older-generations_a92e2e,2024-08-01
https://ground.news/article/spains-top-court-upholds-arrest-warrants-for-catalan-separatists-despite-amnesty_670d1e,2024-07-01
https://ground.news/article/98525aaa-6640-4d81-b7e3-aea275af6471,2024-07-01
https://ground.news/article/le-pens-far-right-party-wins-first-round-as-macrons-snap-elections-gamble-backfires_27ef31,2024-07-01
https://ground.news/article/attacker-wounds-police-officer-guarding-israels-embassy-in-serbia-before-being-shot-dead_ea769d,2024-07-01
https://ground.news/article/democrats-suggests-chatter-on-biden-stepping-aside-amid-panic-over-debate_27c9a8,2024-07-01
https://ground.news/article/israel-orders-mass-evacuation-of-palestinians-from-part-of-khan-younis-in-gaza_2f5ce4,2024-07-01
https://ground.news/article/this-electric-car-battery-takes-less-than-5-minutes-to-charge_34a9d7,2024-07-01
https://ground.news/article/swedes-take-a-new-step-in-parental-leave-grandparents-can-now-get-paid-to-take-care-of-grandkids_5e5172,2024-07-01
https://ground.news/article/over-25-injured-due-to-strong-turbulance-on-air-europa-flight-report_08962b,2024-07-01
https://ground.news/article/european-neighbors-cast-a-wary-eye-on-france-after-far-right-partys-election-lead_126880,2024-07-01
https://ground.news/article/greece-introduces-growth-oriented-six-day-working-week_8f6257,2024-07-01
https://ground.news/article/final-days-of-search-for-jay-slater-dismissed-as-pr-stunt-as-family-make-vow,2024-07-01
https://ground.news/article/german-inflation-eases-more-than-expected-in-june_92dafc,2024-07-01
https://ground.news/article/greek-prime-minister-warns-of-dangerous-summer-for-wildfires_3eefe9,2024-07-01
https://ground.news/article/german-court-convicts-a-prominent-far-right-politician-for-using-a-nazi-slogan_5e7b00,2024-07-01
https://ground.news/article/ocasio-cortez-vows-to-file-impeachment-articles-against-supreme-court-justices_7573b0,2024-07-01
https://ground.news/article/court-halts-biden-pause-on-new-gas-exports_82f5d1,2024-07-01
https://ground.news/article/a-center-right-coalition-in-bulgaria-is-tapped-to-form-a-new-government_ea9d7d,2024-07-01
https://ground.news/article/norway-calls-off-unique-property-sale-in-arctic-svalbard_7e0881,2024-07-01
https://ground.news/article/french-police-detain-leading-filmmakers-jacquot-doillon-over-sexual-abuse-allegations_42dace,2024-07-01
https://ground.news/article/albanias-world-renowned-novelist-ismail-kadare-dies-at-88_ec27c7,2024-07-01
https://ground.news/article/macron-urges-democratic-alliance-against-far-right-after-national-rallys-election-success_398abc,2024-07-01
https://ground.news/article/ukraine-is-releasing-thousands-of-prisoners-so-they-can-join-the-fight-against-russia,2024-07-01
https://ground.news/article/meta-accused-of-breaking-european-law-with-its-pay-or-consent-model_f9087b,2024-07-01
https://ground.news/article/chinese-space-rocket-crashes-in-flames-after-accidental-launch_cb305c,2024-07-01
https://ground.news/article/several-injured-in-german-cafe-acid-attack_bd09ea,2024-07-01
https://ground.news/article/three-people-killed-after-plane-smashes-into-paris-motorway_23ab89,2024-07-01
https://ground.news/article/biden-presents-new-israel-ceasefire-plan-calls-on-hamas-to-accept_a334cf,2024-06-01
https://ground.news/article/france-foils-plan-to-attack-olympic-games-football-stadium_252eed,2024-06-01
https://ground.news/article/un-refugee-chief-114-million-have-fled-homes-because-nations-fail-to-tackle-causes-of-conflict_dc6c9a,2024-06-01
https://ground.news/article/ukraine-and-russia-announce-major-prisoner-swap_5321d2,2024-06-01
https://ground.news/article/police-say-several-people-have-been-hurt-in-a-stabbing-in-the-german-city-of-mannheim_5df781,2024-06-01
https://ground.news/article/boeings-first-astronaut-flight-halted-at-the-last-minute_088f60,2024-06-01
https://ground.news/article/german-mp-urges-military-to-activate-900-000-reservists-over-russias-belligerence_10ba02,2024-06-01
https://ground.news/article/estonia-ratifies-cern-accession-to-become-24th-member-in-one-of-europes-key-scientific-bodies_dad1f9,2024-06-01
https://ground.news/article/g7-eu-want-to-target-banks-helping-russia-evade-sanctions-bloomberg-reports_3f45e9,2024-06-01
https://ground.news/article/voters-in-iceland-are-picking-the-new-president-of-the-rugged-island-near-the-arctic-circle_48c56d,2024-06-01
https://ground.news/article/german-court-orders-man-born-in-afghanistan-held-after-knife-attack-at-an-anti-political-islam-event_8938f3,2024-06-01
https://ground.news/article/kimmich-slams-racist-survey-that-says-1-in-5-germans-want-more-white-players-in-the-national-team_173935,2024-06-01
https://ground.news/article/orban-stages-a-peace-march-in-hungary-in-a-show-of-strength-before-european-parliament-election_71e783,2024-06-01
https://ground.news/article/electric-spoon-that-enhances-salty-taste-of-food-and-promotes-healthier-eating-launched-in-japan_d1de2e,2024-06-01
https://ground.news/article/venice-bans-loudspeakers-and-limits-tour-groups-in-latest-mass-tourism-crackdown,2024-06-01
https://ground.news/article/gov-desantis-says-donald-trumps-right-to-vote-is-safe-in-florida_977f5c,2024-06-01
https://ground.news/article/the-biden-administration-says-israel-hasnt-crossed-a-red-line-on-rafah-this-could-be-why_016b6f,2024-06-01
https://ground.news/article/georgian-opposition-party-reports-attack-on-tbilisi-offices_b6b880,2024-06-01
https://ground.news/article/a-climate-activist-in-paris-stuck-a-protest-poster-on-monets-poppy-field_e7c433,2024-06-01
https://ground.news/article/is-intermittent-fasting-better-than-counting-calories-maybe-not-but-you-might-stick-with-it_283644,2024-06-01
https://ground.news/article/zelenskyy-arrives-in-singapore-for-shangri-la-security-conference_492f8b,2024-06-01
https://ground.news/article/european-vote-could-tip-the-balance-on-melonis-far-right-agenda-in-italy_8dc406,2024-06-01
https://ground.news/article/scientists-develop-method-of-making-healthier-more-sustainable-chocolate_9060e4,2024-06-01
https://ground.news/article/spit-test-for-prostate-cancer-could-save-thousands-of-lives-researchers-say_a92f60,2024-06-01
https://ground.news/article/russian-air-attack-damages-ukrainian-energy-infrastructure-in-5-regions_e659ff,2024-06-01
https://ground.news/article/abba-receive-prestigious-swedish-knighthood_557822,2024-06-01
https://ground.news/article/irish-postmistresss-weather-report-that-helped-allied-forces-avert-disaster-on-d-day,2024-06-01
https://ground.news/article/scottish-government-facing-no-confidence-motion-today_ef3237,2024-05-01
https://ground.news/article/harvey-weinstein-faces-new-york-retrial-after-2020-rape-conviction-overturned_56e66c,2024-05-01
https://ground.news/article/fed-keeps-rates-steady-as-it-notes-lack-of-further-progress-on-inflation_7dec6b,2024-05-01
https://ground.news/article/uk-begins-detaining-migrants-set-to-be-deported-to-rwanda_ba2afd,2024-05-01
https://ground.news/article/more-than-300-arrested-at-columbia-and-city-college-protests-mayor-says_41aea6,2024-05-01
https://ground.news/article/283720de-8779-484b-980d-ec4268546b39,2024-05-01
https://ground.news/article/anger-can-harm-your-blood-vessel-function-study-shows_0e8b16,2024-05-01
https://ground.news/article/georgian-lawmakers-tussle-in-parliament-after-crackdown-on-foreign-agent-protesters_798f1a,2024-05-01
https://ground.news/article/russia-breached-global-chemical-weapons-ban-in-ukraine-war-us-says_4ec27f,2024-05-01
https://ground.news/article/near-earth-asteroid-traced-to-huge-crater-on-moon,2024-05-01
https://ground.news/article/12-of-lgbtq-youth-attempted-suicide-last-year-nationwide-survey-says_896298,2024-05-01
https://ground.news/article/google-outage-impacting-users-worldwide-reports,2024-05-01
https://ground.news/article/30-people-are-injured-when-a-trailer-overturns-in-southwestern-germany_6b463c,2024-05-01
https://ground.news/article/dozens-arrested-in-georgia-during-a-protest-against-a-law-inspired-by-russia_cf6297,2024-05-01
https://ground.news/article/perimenopausal-women-have-40-higher-risk-of-depression-study-suggests_dbfd4d,2024-05-01
https://ground.news/article/immigration-ranks-as-top-issue-for-americans-for-longest-consecutive-monthly-stretch-in-past-24-years-poll_f2ef48,2024-05-01
https://ground.news/article/26-republican-attorneys-general-sue-to-block-biden-rule-requiring-background-checks-at-gun-shows_8395c1,2024-05-01
https://ground.news/article/greece-boosts-special-firefighting-units-to-cope-with-its-growing-heat-risk_e20905,2024-05-01
https://ground.news/article/warsaw-synagogue-attacked-with-three-firebombs-in-the-night-but-no-one-is-hurt_7c9ba1,2024-05-01
https://ground.news/article/bitcoin-jesus-arrested-in-spain-on-us-tax-evasion-charges_c0d0b8,2024-05-01
https://ground.news/article/us-senate-approves-bill-to-ban-russian-uranium-imports_9aa5b8,2024-05-01
https://ground.news/article/south-korea-considers-joining-alliance-for-sharing-military-technology-with-australia-us-and-uk_9492e2,2024-05-01
https://ground.news/article/kremlin-parades-western-equipment-captured-from-ukrainian-army-at-moscow-exhibition_2db0ea,2024-05-01
https://ground.news/article/drone-footage-shows-devastation-in-chasiv-yar-an-eastern-ukrainian-city-russia-is-assaulting_7ace48,2024-05-01
https://ground.news/article/workers-and-activists-across-asia-hold-may-day-rallies-to-call-for-greater-labor-rights_188f48,2024-05-01
https://ground.news/article/clashes-break-out-at-ucla-between-pro-palestinian-and-pro-israeli-protesters_10d09d,2024-05-01
https://ground.news/article/healthy-lifestyle-at-40-adds-5-years-to-life-offsets-genetic-risk-study,2024-05-01
https://ground.news/article/israel-approves-bill-to-allow-al-jazeera-broadcast-ban-amid-hamas-war_936588,2024-04-01
https://ground.news/article/israeli-airstrike-on-iran-consulate-in-syria-kills-six-reportedly-including-irgc-commander_2560d4,2024-04-01
https://ground.news/article/google-will-delete-billions-of-browsing-records-to-settle-privacy-lawsuit-court-filing,2024-04-01
https://ground.news/article/germany-becomes-the-biggest-eu-country-to-legalise-recreational-cannabis_0fcf5e,2024-04-01
https://ground.news/article/havana-syndrome-report-links-mystery-illness-to-russian-intelligence-unit_21f8b1,2024-04-01
https://ground.news/article/001af52b-04cf-4f4d-9224-867cc420f510,2024-04-01
https://ground.news/article/artificial-sun-sets-record-for-time-at-100-million-degrees-in-latest-advance-for-nuclear-fusion,2024-04-01
https://ground.news/article/three-killed-in-avalanche-near-swiss-resort-of-zermatt_126c71,2024-04-01
https://ground.news/article/shakira-says-she-and-her-sons-found-barbie-to-be-emasculating,2024-04-01
https://ground.news/article/adidas-to-block-number-44-from-germany-kits-over-semblance-to-nazi-ss-symbol,2024-04-01
https://ground.news/article/greek-coast-guard-rescues-74-migrants-in-boat-on-mediterranean-sea,2024-04-01
https://ground.news/article/exclusiva-hackers-robaron-base-de-datos-de-presos-rusos-para-vengar-la-muerte-de-navalny_def2e2,2024-04-01
https://ground.news/article/a-woman-in-poland-is-crushed-to-death-when-strong-winds-topple-trees_6b577e,2024-04-01
https://ground.news/article/russia-extends-detention-of-rfe-rl-journalist-alsu-kurmasheva,2024-04-01
https://ground.news/article/russian-security-agency-says-suspects-detained-in-the-caucasus-are-linked-to-moscow-attack_eff02a,2024-04-01
https://ground.news/article/i-didnt-do-that-biden-responds-to-criticism-for-proclaiming-easter-sunday-transgender-visibility-day,2024-04-01
https://ground.news/article/trump-allies-plot-protections-for-white-people_51852d,2024-04-01
https://ground.news/article/russia-ends-efforts-to-rescue-gold-miners-trapped-for-two-weeks_a462ac,2024-04-01
https://ground.news/article/microsoft-to-separate-teams-and-office-globally-amid-antitrust-scrutiny_c6e1e2,2024-04-01
https://ground.news/article/france-presses-china-on-trade-and-ukraine-ahead-of-upcoming-xi-jinping-visit_6c87b3,2024-04-01
https://ground.news/article/iran-alerted-russia-before-moscow-attack-sources-say_87eef0,2024-04-01
https://ground.news/article/xiaomi-electric-car-buyers-told-they-face-six-month-wait_d3bfa5,2024-04-01
https://ground.news/article/barrage-of-russian-attacks-aims-to-cut-ukraines-lights_b89769,2024-04-01
https://ground.news/article/bodies-corridor-where-russia-and-ukraine-meet-to-swap-their-dead_69be35,2024-04-01
https://ground.news/article/ca932971-a153-4d14-a674-e28f3f5c5a7e,2024-04-01
https://ground.news/article/in-setback-to-turkiyes-erdogan-opposition-makes-huge-gains-in-local-election_281e23,2024-04-01
https://ground.news/article/russia-conducts-counter-terrorism-operation-in-southern-dagestan_8bd1e5,2024-04-01
https://ground.news/article/biden-to-announce-airdrops-of-humanitarian-assistance-into-gaza-sources-say,2024-03-01
https://ground.news/article/kenya-and-haiti-sign-agreements-to-try-and-salvage-plan-to-deploy-kenyan-police-to-battle-gangs,2024-03-01
https://ground.news/article/20fa8437-9dae-4d49-88dd-6410cb8205ea,2024-03-01
https://ground.news/article/navalnys-family-is-laying-the-opposition-leader-to-rest-after-his-death-in-prison_d51992,2024-03-01
https://ground.news/article/number-of-obese-people-worldwide-surpasses-one-billion_8495d3,2024-03-01
https://ground.news/article/aa1b6ab2-5cdd-4092-a919-5a3a5e68a689,2024-03-01
https://ground.news/article/60dd353d-843d-4b0c-ba5e-d9e812d999a3,2024-03-01
https://ground.news/article/real-life-superheroes-fly-in-the-worlds-first-jet-suit-race_6cc573,2024-03-01
https://ground.news/article/scandinavian-airlines-medevac-plane-lands-in-malaysian-island-where-norwegian-king-is-hospitalized_280a17,2024-03-01
https://ground.news/article/south-koreas-yoon-slams-truly-deplorable-north-korean-remarks-calls-for-unification,2024-03-01
https://ground.news/article/somali-military-court-sentences-six-moroccans-to-death-for-terrorism_df4797,2024-03-01
https://ground.news/article/deadly-mining-protests-in-liberia-kill-1-and-injure-many-official-says_d366d0,2024-03-01
https://ground.news/article/us-man-extends-record-for-most-big-macs-eaten-in-a-lifetime-to-over-34-000_de0853,2024-03-01
https://ground.news/article/india-explosion-rocks-cafe-in-bengaluru-injuries-reported_5cde19,2024-03-01
https://ground.news/article/un-investigates-israels-claim-that-unrwa-staffs-took-part-in-oct7_0a3337,2024-03-01
https://ground.news/article/obamas-cia-asked-foreign-intel-agencies-to-spy-on-trump_3efed5,2024-03-01
https://ground.news/article/michelle-troconis-found-guilty-in-death-of-jennifer-dulos-connecticut-mom-who-disappeared-in-2019_0d37a0,2024-03-01
https://ground.news/article/tuvalus-new-premier-says-democracy-and-loyalty-are-reasons-for-preferring-taiwan-over-beijing,2024-03-01
https://ground.news/article/eu-holds-back-part-of-unrwa-payment-but-boosts-palestinian-aid_f324bc,2024-03-01
https://ground.news/article/gunfire-paralyzes-haiti-as-powerful-gang-leader-says-he-will-try-to-detain-police-chief-ministers,2024-03-01
https://ground.news/article/new-zealand-tour-operators-told-to-pay-78-million-in-fines-and-reparations-over-volcanic-eruption_463ebd,2024-03-01
https://ground.news/article/indias-richest-man-is-bringing-rihanna-and-1-200-guests-to-a-pre-wedding-bash-for-his-son_ed52f3,2024-03-01
https://ground.news/article/iran-begins-voting-in-first-parliament-election-since-2022-protests-as-questions-over-turnout-loom_087e2e,2024-03-01
https://ground.news/article/indias-economy-grows-at-its-fastest-pace-in-six-quarters-in-election-boost-for-modi_a5b87c,2024-03-01
https://ground.news/article/meta-ending-facebook-news-tab-in-us-australia,2024-03-01
https://ground.news/article/global-freedom-recedes-for-18th-year-watchdog,2024-03-01
https://ground.news/article/google-hit-with-23-bln-lawsuit-by-axel-springer-other-media-groups,2024-03-01
https://ground.news/article/biden-issues-order-targeting-israeli-settler-violence-in-west-bank_e7b3f1,2024-02-01
https://ground.news/article/global-cancer-cases-to-rise-by-more-than-75-by-2050-who-predicts_7aea8b,2024-02-01
https://ground.news/article/defense-secretary-lloyd-austin-apologizes-for-handling-of-cancer-diagnosis-i-should-have-told-the-president_e66b59,2024-02-01
https://ground.news/article/us-approves-plan-to-strike-iranian-targets-in-syria-and-iraq-officials-say_dc70a5,2024-02-01
https://ground.news/article/deutsche-bank-will-cut-3-500-jobs-even-as-it-records-45-billion-profit-last-year,2024-02-01
https://ground.news/article/gunmen-take-hostages-at-us-companys-turkish-factory-in-apparent-protest-of-gaza-war_9058b0,2024-02-01
https://ground.news/article/ukraine-says-it-sank-russian-warship-off-coast-of-crimea-and-unleashed-massive-missile-barrage-on-peninsula_d977f9,2024-02-01
https://ground.news/article/new-wave-reactor-technology-could-kick-start-a-nuclear-renaissance-and-the-us-is-banking-on-it,2024-02-01
https://ground.news/article/schumer-senate-to-vote-on-ukraine-border-security-package-next-week_350182,2024-02-01
https://ground.news/article/e5218739-6f59-4a4d-b1b5-6acda1202e86,2024-02-01
https://ground.news/article/apple-revenue-grows-for-the-first-time-in-a-year-but-china-shows-weakness_aea8c3,2024-02-01
https://ground.news/article/facebook-parent-meta-declares-first-dividend-shares-jump-12_978369,2024-02-01
https://ground.news/article/amazon-reports-quarterly-revenue-above-estimates,2024-02-01
https://ground.news/article/ex-boeing-manager-would-absolutely-not-fly-737-max-after-cabin-panel-blowout,2024-02-01
https://ground.news/article/skyscraper-sized-asteroid-to-pass-within-17m-miles-of-earth-on-friday_d1d09f,2024-02-01
https://ground.news/article/59-democrats-vote-with-republicans-passing-bill-to-deport-illegal-immigrants-who-committed-duis_d7cabc,2024-02-01
https://ground.news/article/half-of-us-adults-say-israel-has-gone-too-far-in-war-in-gaza-ap-norc-poll-shows,2024-02-01
https://ground.news/article/small-long-nosed-dog-breeds-live-longer-study-reveals_c0d112,2024-02-01
https://ground.news/article/spanish-region-cuts-water-use-amid-record-drought_dd70a5,2024-02-01
https://ground.news/article/kremlin-foe-navalny-urges-election-day-protests-in-russia-next-month-by-voting-at-a-specific-hour_7b42e2,2024-02-01
https://ground.news/article/moon-is-actively-shrinking-and-crumbling-scientists-say_e9363f,2024-02-01
https://ground.news/article/russia-says-it-has-evidence-us-patriot-missiles-downed-its-military-transport-plane_2269d3,2024-02-01
https://ground.news/article/frances-2-key-farmers-unions-suspend-protest-and-decide-to-lift-road-blocks_aa7404,2024-02-01
https://ground.news/article/long-arm-of-the-claw-police-rescue-queensland-toddler-stuck-in-hello-kitty-prize-machine_5fc0a6,2024-02-01
https://ground.news/article/indian-police-clear-a-suspected-chinese-spy-pigeon-after-8-months-in-bird-lockup_c1560e,2024-02-01
https://ground.news/article/greta-thunberg-goes-on-trial-over-london-oil-industry-protests_7dae8c,2024-02-01
https://ground.news/article/deal-on-wartime-aid-and-border-security-stalls-in-congress-as-time-runs-short-to-bolster-ukraine,2024-02-01
https://ground.news/article/dfc117b2-9994-4536-bf74-bfabbd3d4bbc,2024-01-01
https://ground.news/article/justice-department-sues-texas-over-law-that-would-let-police-arrest-migrants-who-enter-us-illegally_ba0563,2024-01-01
https://ground.news/article/trump-appeals-colorado-ballot-ban-to-supreme-court_4a5e65,2024-01-01
https://ground.news/article/us-allies-give-houthis-ultimatum-stop-ship-attacks-or-face-consequences,2024-01-01
https://ground.news/article/scientists-hail-new-antibiotic-that-can-kill-drug-resistant-bacteria_59d66f,2024-01-01
https://ground.news/article/president-bill-clinton-likes-them-young-claims-newly-released-epstein-document,2024-01-01
https://ground.news/article/epstein-accuser-says-prince-andrew-groped-her-documents-show_b9c282,2024-01-01
https://ground.news/article/new-study-helps-explain-darwinian-paradox-of-same-sex-attraction_c98f46,2024-01-01
https://ground.news/article/trumps-lawyer-alina-habba-reveals-hes-scared-about-the-supreme-court,2024-01-01
https://ground.news/article/chatgpt-incorrectly-diagnosed-more-than-8-in-10-pediatric-case-studies-research-finds_9602ad,2024-01-01
https://ground.news/article/mother-and-uncle-of-a-us-serviceman-are-rescued-from-gaza-in-a-secret-operation,2024-01-01
https://ground.news/article/us-says-no-damage-reported-after-latest-houthi-attack-in-red-sea_1deed7,2024-01-01
https://ground.news/article/un-human-rights-agency-decries-alabamas-use-of-nitrogen-hypoxia-in-execution,2024-01-01
https://ground.news/article/vivek-ramaswamy-goes-off-on-wapo-reporter-over-issue-of-white-supremacy,2024-01-01
https://ground.news/article/haley-briefly-surpasses-desantis-in-national-gop-polling-average,2024-01-01
https://ground.news/article/democratic-gov-andy-beshear-calls-for-unity-in-gop-leaning-kentucky-to-uplift-economy-education_e9210c,2024-01-01
https://ground.news/article/judge-attacked-in-las-vegas-courtroom-during-sentencing_e38db2,2024-01-01
https://ground.news/article/harvard-alum-bill-ackman-says-board-members-should-be-next-to-go-after-claudine-gay-departure,2024-01-01
https://ground.news/article/amateur-missouri-investigator-youtube-creator-helps-break-decade-old-missing-person-cold-case,2024-01-01
https://ground.news/article/spacex-illegally-fired-employees-who-criticized-elon-musk-nlrb-alleges_5434d6,2024-01-01
https://ground.news/article/osprey-black-box-from-fatal-japan-crash-that-killed-8-recovered-with-data-intact-air-force-says_6a016d,2024-01-01
https://ground.news/article/more-hospitals-are-requiring-masks-as-flu-and-covid-19-cases-surge_5fc1fb,2024-01-01
https://ground.news/article/us-again-renews-protection-for-former-secretary-of-state-mike-pompeo-and-top-aide-over-iran-threats_4d6726,2024-01-01
https://ground.news/article/gypsy-rose-blanchard-is-free-reflects-on-prison-term-for-conspiring-to-kill-her-abusive-mother_1e5016,2024-01-01
https://ground.news/article/pa-man-suspected-of-killing-wife-arrested-at-las-vegas-casino_05b6e5,2024-01-01
https://ground.news/article/usa-boxing-allows-men-to-fight-women-with-new-transgender-guidelines_0d1e35,2024-01-01
https://ground.news/article/israels-netanyahu-says-ceasefire-will-end-if-hamas-does-not-return-hostages-by-saturday-noon_256101,2025-02-11
https://ground.news/article/trump-gaza-ceasefire-should-end-saturday-if-hostages-not-released_6f8eec,2025-02-11
https://ground.news/article/elon-musk-submits-944-billion-bid-to-acquire-openai_ad4be6,2025-02-11
https://ground.news/article/doj-moves-to-dismiss-federal-charges-against-new-york-city-mayor-eric-adams_d1e614,2025-02-11
https://ground.news/article/1ee7e1e0-272a-4727-b651-a568e778b375,2025-02-11
https://ground.news/article/russia-has-released-detained-american-teacher-marc-fogel-the-white-house-says_c0e7bf,2025-02-11
https://ground.news/article/fafb2b30-e7b8-42be-8c91-42cfc126dea4,2025-02-11
https://ground.news/article/the-ap-says-it-was-blocked-from-the-oval-office-over-continuing-to-use-gulf-of-mexico,2025-02-11
https://ground.news/article/police-on-scene-in-washington-dc-after-person-shot-inside-union-station,2025-02-11
https://ground.news/article/virginia-bans-deepseek-from-state-devices-networks,2025-02-11
https://ground.news/article/after-meeting-with-trump-jordans-king-says-he-opposes-displacing-palestinians-in-gaza,2025-02-11
https://ground.news/article/nasas-2-stuck-astronauts-may-return-to-earth-sooner-under-new-plan,2025-02-11
https://ground.news/article/russia-plays-hardball-on-ukraine-peace-discussions-after-trump-talks-of-putin-contact,2025-02-11
https://ground.news/article/bar-association-trump-administration-attacks-on-judges-cross-the-line,2025-02-11
https://ground.news/article/appeals-court-wont-halt-judges-order-requiring-trump-administration-to-unfreeze-all-federal-cash,2025-02-11
https://ground.news/article/hong-kong-will-file-complaint-to-wto-on-us-tariffs-official-says,2025-02-11
https://ground.news/article/donald-trump-rolls-back-standards-for-water-using-appliances-light-bulbs,2025-02-11
https://ground.news/article/trump-is-preparing-the-executive-order-to-continue-to-shrink-the-federal-workforce-the-bharat-express-news,2025-02-11
https://ground.news/article/fema-employee-violated-hatch-act-with-directive-to-skip-homes-with-trump-signs-osc-says,2025-02-11
https://ground.news/article/trump-administration-faces-new-lawsuit-from-usaid-contractors,2025-02-11
https://ground.news/article/what-mexicos-richest-man-thinks-trump-should-do-in-his-second-term,2025-02-11
https://ground.news/article/greenpeace-files-an-anti-intimidation-case-against-an-american-fossil-fuel-pipeline-company,2025-02-11
https://ground.news/article/eric-adams-on-doj-dismissing-charges-i-know-that-i-must-continue-to-regain-your-trust,2025-02-11
https://ground.news/article/2-children-freeze-to-death-inside-van-at-detroit-casino-parking-garage-police-say,2025-02-11
https://ground.news/article/israeli-army-cancels-soldiers-leave-heightens-alert-in-gaza-as-hamas-postpones-hostage-release_7e20b8,2025-02-11
https://ground.news/article/idf-strikes-underground-tunnel-crossing-from-syria-into-lebanon,2025-02-11
https://ground.news/article/israeli-offensive-on-occupied-west-bank-forcibly-displaced-40-000-un,2025-02-11
https://ground.news/article/trump-names-new-dea-pick-after-pulling-original-choice-over-backlash-washington-examiner,2025-02-11
https://ground.news/article/exclusive-chinese-spy-balloon-was-packed-with-american-tech,2025-02-11
https://ground.news/article/wsj-editorial-board-warns-trump-is-threatening-to-repeat-a-first-term-blunder,2025-02-11
https://ground.news/article/acting-sec-chair-asks-court-not-to-schedule-climate-rule-arguments,2025-02-11
https://ground.news/article/california-teen-sentenced-to-4-years-in-prison-for-making-hundreds-of-swatting-calls-across-the-us,2025-02-11
https://ground.news/article/two-top-consumer-bureau-officials-resign-after-trump-admin-halts-work,2025-02-11
https://ground.news/article/an-unwanted-double-us-sales-fall-for-american-whiskeys-as-threats-of-a-trade-war-heat-up,2025-02-11
https://ground.news/article/florida-republican-to-lead-task-force-focused-on-jfk-files-epstein-list,2025-02-11
https://ground.news/article/70294673-e0d8-4b06-b726-b6b5d94b62e3,2025-01-11
https://ground.news/article/meta-disbands-diversity-team-and-says-dei-has-become-charged-reports_fc1253,2025-01-11
https://ground.news/article/us-supreme-court-signals-it-will-uphold-ban-on-tiktok-over-national-security-concerns_2db155,2025-01-11
https://ground.news/article/d43506c8-3e30-4f3b-a044-66e258c6db80,2025-01-11
https://ground.news/article/us-payrolls-grew-by-256-000-in-december-much-more-than-expected-unemployment-rate-falls-to-41_81c854,2025-01-11
https://ground.news/article/jack-smith-special-counsel-who-oversaw-trump-investigations-resigns-from-justice-department,2025-01-11
https://ground.news/article/bird-flu-detected-at-caroline-county-commercial-poultry-operation,2025-01-11
https://ground.news/article/trumps-strategy-shift-kelloggs-delayed-visit-signals-reevaluation-of-us-approach-to-ukraine-conflict,2025-01-11
https://ground.news/article/absolutely-not-gov-desantis-says-he-wont-appoint-himself-to-replace-marco-rubio-in-the-senate_c252f4,2025-01-11
https://ground.news/article/green-berets-suicide-death-revives-questions-about-ptsd-risks-to-brain-health-regional-media-news_544a49,2025-01-11
https://ground.news/article/a-9-year-old-came-to-arizona-to-get-a-trump-tattoo-heres-what-happened,2025-01-11
https://ground.news/article/greenland-leader-is-ready-to-meet-with-trump-as-acquisition-talks-intensify,2025-01-11
https://ground.news/article/software-problem-prompts-tesla-recall-of-239-000-cars,2025-01-11
https://ground.news/article/us-government-charges-operators-of-crypto-mixing-service-used-by-north-korea-and-ransomware-gangs,2025-01-11
https://ground.news/article/montgomery-co-man-sentenced-for-election-fraud-casting-multiple-votes,2025-01-11
https://ground.news/article/eu-tunnel-at-border-controlled-by-criminal-group-intervenes,2025-01-11
https://ground.news/article/bill-maher-says-real-time-is-changing-approach-to-trump-20-not-going-to-chase-every-rabbit-down-the-hole,2025-01-11
https://ground.news/article/zuckerberg-says-neutered-companies-need-more-masculine-energy,2025-01-11
https://ground.news/article/trump-envoy-to-meet-netanyahu-amid-ceasefire-push,2025-01-11
https://ground.news/article/internet-service-provider-reaches-settlement-with-west-virginia-to-resolve-customers-complaints-about-the-companys-quality-of-service,2025-01-11
https://ground.news/article/appeals-court-revives-ex-nc-state-athletes-lawsuit-against-school-in-sexual-abuse-case,2025-01-11
https://ground.news/article/five-catholic-college-students-face-charges-after-luring-soldier-22-to-capitalize-on-to-catch-a-predator-tiktok-trend,2025-01-11
https://ground.news/article/pence-said-he-congratulated-trump-on-his-win-at-carters-funeral,2025-01-11
https://ground.news/article/thieves-cut-fence-steal-humvees-equipment-from-california-army-reserve,2025-01-11
https://ground.news/article/the-trump-company-is-not-banning-private-foreign-deals-a-break-with-its-first-term-policy,2025-01-11
https://ground.news/article/elon-musk-says-xai-ran-out-of-all-human-made-data-on-the-internet-in-2024-may-move-to-synthetic-data,2025-01-11
https://ground.news/article/gay-men-can-train-as-priests-but-dont-flaunt-it-italy-church,2025-01-11
https://ground.news/article/3-men-arrested-in-germany-over-suspected-preparations-for-an-islamic-extremist-attack,2024-12-11
https://ground.news/article/satellite-imagery-shows-russian-navy-ships-anchored-off-syrian-coast_19d66e,2024-12-11
https://ground.news/article/three-arrested-in-investigation-into-explosion-at-hague-apartment-building-that-killed-6,2024-12-11
https://ground.news/article/zelenskyy-open-to-western-troops-providing-security-for-end-to-war-in-ukraine_7c70b6,2024-12-11
https://ground.news/article/syrias-assad-and-his-family-are-in-moscow-after-russia-granted-them-asylum-say-russian-news-agencies_bd2127,2024-12-11
https://ground.news/article/romanias-pro-western-parties-agree-to-form-a-majority-government-after-political-turmoil,2024-12-11
https://ground.news/article/slovakias-parliament-passes-legislation-that-could-ban-doctors-from-protesting-low-pay,2024-12-11
https://ground.news/article/male-humpback-whale-crossed-3-oceans-for-sex-inadvertently-breaking-distance-record-for-species,2024-12-11
https://ground.news/article/567698d5-1f1a-4f18-b380-b29ee6475b86,2024-12-11
https://ground.news/article/ukraine-has-arms-to-resist-at-least-until-mid-2025-if-us-cuts-aid-finance-minister-says_5fd4ff,2024-12-11
https://ground.news/article/russia-teams-up-with-brics-to-create-ai-alliance-putin-says_6b6cdc,2024-12-11
https://ground.news/article/stone-age-csi-archaeologists-identify-a-family-killed-in-a-house-fire-nearly-6-millennia-ago,2024-12-11
https://ground.news/article/elon-musk-becomes-first-person-to-surpass-400b-net-worth-according-to-bloomberg,2024-12-11
https://ground.news/article/the-constitutional-court-did-not-vote-today-there-will-be-a-preparatory-session-for-the-law-on-the-use-of-languages,2024-12-11
https://ground.news/article/pope-francis-expresses-hope-for-stability-unity-in-syria,2024-12-11
https://ground.news/article/biden-doubles-tariffs-on-chinese-solar-panel-components,2024-12-11
https://ground.news/article/republican-protests-in-close-north-carolina-races-dismissed-by-elections-board,2024-12-11
https://ground.news/article/facebook-instagram-and-whatsapp-all-down-as-users-report-massive-meta-outage_bf9322,2024-12-11
https://ground.news/article/trump-says-hell-name-andrew-ferguson-head-of-ftc-and-kimberly-guilfoyle-as-ambassador-to-greece_88f464,2024-12-11
https://ground.news/article/malaria-cases-up-again-in-2023-african-children-worst-hit-who-reports_ba19bd,2024-12-11
https://ground.news/article/human-trafficking-rises-sharply-after-dropping-during-pandemic-un-says_ec13ed,2024-12-11
https://ground.news/article/morocco-spain-and-portugal-confirmed-as-2030-world-cup-hosts-2034-edition-awarded-to-saudi-arabia_56fb9c,2024-12-11
https://ground.news/article/death-toll-from-russian-missile-attack-on-ukraines-zaporizhzhia-rises-to-six-officials-say_2e060f,2024-12-11
https://ground.news/article/poland-to-guard-major-tv-stations-against-hostile-purchase-attempts-by-russia_c42089,2024-12-11
https://ground.news/article/tourism-leads-the-pack-in-growing-carbon-emissions-study-shows_f91893,2024-12-11
https://ground.news/article/ultra-processed-foods-might-increase-risk-of-colon-cancer,2024-12-11
https://ground.news/article/tax-investigators-search-adidas-headquarters_e6421e,2024-12-11
https://ground.news/article/fbi-arrests-afghan-man-who-officials-say-planned-election-day-attack-in-the-us_38e06d,2024-11-01
https://ground.news/article/hurricane-milton-back-to-category-5-strength-with-florida-landfall-within-36-hours_31e1d0,2024-11-01
https://ground.news/article/supreme-court-signals-it-may-uphold-bidens-regulations-on-ghost-gun-kits_a77e2f,2024-11-01
https://ground.news/article/more-than-a-dozen-states-sue-tiktok-alleging-it-harms-kids-and-is-designed-to-addict-them_ef2db3,2024-11-01
https://ground.news/article/georgia-supreme-court-halts-lower-court-ruling-reinstates-6-week-abortion-ban_b271f8,2024-11-01
https://ground.news/article/hurricane-milton-makes-landfall-in-florida-as-a-category-3-storm_8bcf5b,2024-11-01
https://ground.news/article/immigrants-brought-to-us-as-children-are-asking-judges-to-uphold-protections-against-deportation,2024-11-01
https://ground.news/article/social-security-cost-of-living-benefits-increase-announcement-coming-thursday_4c27db,2024-11-01
https://ground.news/article/trump-takes-the-lead-in-michigan-and-wisconsin-quinnipiac-poll_26a2ed,2024-11-01
https://ground.news/article/wildlife-populations-plunge-73-since-1970-wwf_904601,2024-11-01
https://ground.news/article/one-in-8-girls-and-women-raped-or-sexually-assaulted-before-age-18-unicef-says_abafd5,2024-11-01
https://ground.news/article/a-georgia-county-official-dies-after-giving-testimony-about-a-hazardous-chemical-plant-fire_a8c3ed,2024-11-01
https://ground.news/article/close-call-at-nashville-airport-came-after-planes-were-directed-to-same-runway-probe-shows_e50fe9,2024-11-01
https://ground.news/article/trump-shuts-the-door-on-another-debate-after-final-pitch-from-networks_d0b9c1,2024-11-01
https://ground.news/article/millions-of-christians-not-planning-to-vote-this-november-could-shape-election-study_d1d1cb,2024-11-01
https://ground.news/article/randalls-island-migrant-shelter-will-close-in-february-adams-says,2024-11-01
https://ground.news/article/marriott-agrees-to-pay-52-million-beef-up-data-security-to-resolve-probes-over-data-breaches,2024-11-01
https://ground.news/article/sean-diddy-combs-lawyers-accuse-government-of-leaking-video-of-cassie-assault_c27c7f,2024-11-01
https://ground.news/article/hurricane-milton-spawns-destructive-deadly-tornadoes-before-making-landfall_1f91af,2024-11-01
https://ground.news/article/biden-rips-trumps-hurricane-claims-as-un-american-calls-for-him-to-stop,2024-11-01
https://ground.news/article/cvs-unitedhealth-say-ftc-should-take-lina-khan-and-two-commissioners-off-drug-middlemen-case-daily-news-update,2024-11-01
https://ground.news/article/polluted-waste-from-floridas-fertilizer-industry-is-in-the-path-of-miltons-fury_9fd52d,2024-11-01
https://ground.news/article/biden-netanyahu-speak-israel-vows-lethal-retaliation-against-iran,2024-11-01
https://ground.news/article/sean-diddy-combs-appeals-recent-bail-ruling-in-3rd-attempt-for-release_5d10ce,2024-11-01
https://ground.news/article/judge-delays-murder-trial-of-bryan-kohberger-suspect-in-u-of-i-students-2022-deaths_d1e1f7,2024-11-01
https://ground.news/article/un-tribunal-orders-ex-official-to-repay-588-million-lost-in-bad-deals-while-getting-perks,2024-11-01
https://ground.news/article/taylor-swift-endorses-kamala-harris-following-presidential-debate,2024-10-11
https://ground.news/article/eu-court-rules-google-apple-must-pay-billions-of-euros-in-antitrust-tax-cases_8d7dc7,2024-10-11
https://ground.news/article/over-140-ukrainian-drones-target-multiple-russian-regions-including-moscow-authorities-say_96434b,2024-10-11
https://ground.news/article/germany-to-put-temporary-controls-on-all-land-borders-source-says_ce4ce1,2024-10-11
https://ground.news/article/british-army-constrained-in-ability-to-train-troops-over-ukrainian-soldier-operations-report-says,2024-10-11
https://ground.news/article/norfolk-southern-ceo-alan-shaw-replaced-by-cfo-after-alleged-affair-with-legal-chief,2024-10-11
https://ground.news/article/turkeys-erdogan-says-russia-must-return-crimea-to-ukraine_05a2dd,2024-10-11
https://ground.news/article/republicans-press-biden-on-ukraine-weapons-restrictions,2024-10-11
https://ground.news/article/blinken-pledges-700m-in-aid-to-ukraine_4b9d66,2024-10-11
https://ground.news/article/spains-sanchez-calls-on-eu-to-reconsider-chinese-ev-tariffs_92213b,2024-10-11
https://ground.news/article/russian-ship-captured-in-satellite-image-delivering-ballistic-missiles-from-iran_7c84d7,2024-10-11
https://ground.news/article/european-business-confidence-in-china-is-at-an-all-time-low-report-says_044a8a,2024-10-11
https://ground.news/article/kosovo-prosecutors-charge-45-people-over-a-deadly-incursion-by-serb-gunmen_434c0b,2024-10-11
https://ground.news/article/a-partial-bridge-collapse-in-eastern-germany-disrupts-traffic-no-one-was-injured_bb6b85,2024-10-11
https://ground.news/article/nancy-pelosi-suggests-at-least-30-of-republicans-who-would-never-vote-democrat-are-racist-sexist-homophobic,2024-10-11
https://ground.news/article/chris-wallace-debate-was-devastating-for-trump,2024-10-11
https://ground.news/article/openais-new-ai-model-strawberry-for-chatgpt-to-launch-in-two-weeks-report_32113c,2024-10-11
https://ground.news/article/76aee5ad-5c62-4159-a747-87a65dc5caf2,2024-10-11
https://ground.news/article/jewelry-seized-from-polish-inmates-of-nazi-german-concentration-camps-is-returned-to-families_cf9d6a,2024-10-11
https://ground.news/article/french-authorities-foiled-3-plots-targeting-the-paris-olympics-counterterrorism-prosecutor-says_6b88f4,2024-10-11
https://ground.news/article/girls-may-be-starting-puberty-earlier-due-to-chemical-exposure-study_e060d3,2024-10-11
https://ground.news/article/trump-wont-say-if-he-wants-ukraine-to-win-war-with-russia_ed962b,2024-10-11
https://ground.news/article/blinken-and-lammy-arrive-in-kyiv-as-ukraine-pushes-for-long-range-strikes-against-russia_253209,2024-10-11
https://ground.news/article/valentina-petrillo-responds-to-jk-rowling-criticism-after-paralympics-row_09be38,2024-10-11
https://ground.news/article/sweden-appoints-new-foreign-minister-with-focus-on-supporting-ukraine_42deff,2024-10-11
https://ground.news/article/france-germany-uk-condemn-iran-over-ballistic-missiles-target-new-sanctions_a02ad5,2024-10-11
https://ground.news/article/imane-khelif-algerian-boxer-at-centre-of-gender-row-wins-gold-to-become-olympic-champion_305a59,2024-09-11
https://ground.news/article/plane-with-62-people-aboard-crashes-in-fiery-wreck-in-brazils-sao-paulo-state_4059ea,2024-09-11
https://ground.news/article/russia-declares-federal-emergency-in-kursk-region-under-attack-by-ukrainian-forces_7e3354,2024-09-11
https://ground.news/article/3rd-person-in-custody-over-foiled-plot-targeting-now-canceled-taylor-swift-shows-in-vienna_ea9ea9,2024-09-11
https://ground.news/article/trump-and-harris-have-agreed-to-a-sept-10-presidential-debate-on-abc-network-says_994a5d,2024-09-11
https://ground.news/article/russia-evacuates-over-76-000-in-kursk-region-amid-ukraine-incursion_5a348f,2024-09-11
https://ground.news/article/zelensky-warns-of-fire-at-russian-occupied-nuclear-power-plant-radiation-levels-within-norm_7430a2,2024-09-11
https://ground.news/article/germanys-scholz-urges-israel-to-conclude-hostage-release-and-ceasefire_4ba335,2024-09-11
https://ground.news/article/belarus-reinforces-military-power-on-its-ukraine-borders-after-drone-interceptions_def2f3,2024-09-11
https://ground.news/article/a-man-is-seen-climbing-the-eiffel-tower-prompting-an-evacuation-hours-before-closing-ceremony_07127d,2024-09-11
https://ground.news/article/thousands-of-troops-part-of-incursion-aiming-to-destabilise-russia-says-top-ukrainian-official_8ad37c,2024-09-11
https://ground.news/article/north-korean-missiles-fired-on-kyiv-in-deadly-russian-attack-zelensky_ed55a3,2024-09-11
https://ground.news/article/ukraines-president-indirectly-confirms-daring-military-incursion-onto-russian-soil_b5a59e,2024-09-11
https://ground.news/article/2-killed-in-russian-attacks-on-kyiv-region-including-4-year-old-boy_6cafd7,2024-09-11
https://ground.news/article/paris-flying-taxis-venture-misses-olympic-debut-over-certification-delays_3224ec,2024-09-11
https://ground.news/article/biden-says-gaza-cease-fire-still-possible-working-literally-every-single-day-to-stop-escalation-of-war,2024-09-11
https://ground.news/article/usa-and-china-tie-for-most-gold-medals-in-the-2024-summer-olympics_5a2db2,2024-09-11
https://ground.news/article/lin-yu-ting-wins-olympic-gold-at-featherweight,2024-09-11
https://ground.news/article/algerian-boxer-imane-khelif-at-centre-of-olympics-gender-row-files-legal-complaint-over-online-harassment_0b7383,2024-09-11
https://ground.news/article/president-correas-party-taps-luisa-gonzalez-as-presidential-candidate,2024-09-11
https://ground.news/article/ukraines-zelenskiy-suggests-moves-towards-banning-orthodox-church-with-moscow-ties,2024-09-11
https://ground.news/article/downed-ukraine-launched-missile-injures-13-in-russias-kursk-regional-officials-say_cdc433,2024-09-11
https://ground.news/article/daily-marijuana-use-linked-to-increased-risk-of-deadly-head-and-neck-cancers-study-finds_7f8d6a,2024-09-11
https://ground.news/article/thousands-protest-lithium-mining-in-serbia-officials-say-its-a-plot-against-populist-president_d252af,2024-09-11
https://ground.news/article/german-open-water-athlete-falls-ill-after-swimming-in-the-seine-river,2024-09-11
https://ground.news/article/ioc-president-thomas-bach-plans-to-leave-office-next-year-he-says-the-olympics-needs-a-change_c9a615,2024-09-11
https://ground.news/article/eu-and-us-call-for-the-release-of-belarus-political-prisoners-on-the-anniversary-of-mass-protests_d0b60d,2024-09-11
https://ground.news/article/russia-declares-independent-news-site-the-moscow-times-undesirable_993365,2024-08-11
https://ground.news/article/nato-allies-commit-to-sending-dozens-of-air-defense-systems-to-ukraine-including-four-patriots_198c82,2024-08-11
https://ground.news/article/russian-court-issues-arrest-warrant-against-alexei-navalnys-wife-yulia_6e66a2,2024-08-11
https://ground.news/article/eu-halts-georgias-accession-to-the-bloc-freezes-financial-aid-over-much-criticized-law_d0b74e,2024-08-11
https://ground.news/article/paris-prosecutor-opens-probe-into-le-pens-2022-campaign-financing_1ad395,2024-08-11
https://ground.news/article/fire-in-towering-spire-of-medieval-cathedral-in-french-city-of-rouen-is-under-control_ccb3db,2024-08-11
https://ground.news/article/brics-may-create-parliamentary-body-in-future-says-putin_0df769,2024-08-11
https://ground.news/article/a18bc823-f2e4-4acf-a798-a57695aa15be,2024-08-11
https://ground.news/article/biden-expected-to-announce-225-million-weapons-package-for-ukraine-including-patriot-system_41c6a2,2024-08-11
https://ground.news/article/leaders-of-south-korea-japan-share-concerns-over-russia-north-korea-ties_710e51,2024-08-11
https://ground.news/article/c99c7b3f-5465-4be5-9e13-5ece3fc70a86,2024-08-11
https://ground.news/article/sweden-arrests-two-over-explosive-device-in-luggage_f044b9,2024-08-11
https://ground.news/article/germany-to-cut-huawei-from-5g-core-network-by-end-2026,2024-08-11
https://ground.news/article/russian-missile-attack-on-ukraines-largest-hospital-complicates-treatment-of-kids-with-cancer_58acb6,2024-08-11
https://ground.news/article/viktor-orban-to-meet-with-donald-trump-after-recent-meeting-with-putin_45e8f5,2024-08-11
https://ground.news/article/cook-political-report-shifts-michigan-senate-race-to-toss-up,2024-08-11
https://ground.news/article/scholten-is-first-michigan-congressional-democrat-urging-biden-to-step-aside_352ad2,2024-08-11
https://ground.news/article/almost-half-of-cancer-deaths-and-40-of-cases-caused-by-avoidable-factors-new-study-finds,2024-08-11
https://ground.news/article/thousands-mark-1995-srebrenica-genocide-which-is-denied-by-serbs-fueling-ethnic-tensions-in-bosnia_a031c9,2024-08-11
https://ground.news/article/people-of-diverse-backgrounds-in-france-welcome-far-rights-defeat-but-fear-a-rise-in-hate-speech,2024-08-11
https://ground.news/article/european-union-adds-porn-site-xxnx-to-list-of-online-platforms-facing-strictest-digital-scrutiny_770a2b,2024-08-11
https://ground.news/article/eu-accepts-apple-pledge-to-let-rivals-access-tap-to-pay-iphone-tech-to-resolve-antitrust-case_aea8b0,2024-08-11
https://ground.news/article/us-to-deploy-long-range-weapons-in-germany-in-2026-russia-says-will-work-on-response_d0a03e,2024-08-11
https://ground.news/article/uk-will-give-ukraine-3bn-a-year-for-as-long-as-it-takes-says-starmer_089492,2024-08-11
https://ground.news/article/10-miners-are-injured-and-rescuers-are-searching-for-dozens-of-others-in-polish-coal-mine-accident_33a757,2024-08-11
https://ground.news/article/china-tells-nato-not-to-create-chaos-in-asia-and-rejects-label-of-enabler-of-russias-ukraine-war_c3abb4,2024-08-11
https://ground.news/article/specialists-say-there-are-benefits-to-couples-sleeping-separately_84a8ab,2024-08-11
https://ground.news/article/hunter-biden-guilty-on-all-three-felony-gun-charges_e5fcf9,2024-07-11
https://ground.news/article/putin-to-visit-north-korea-vietnam-in-coming-weeks-vedomosti-newspaper-says_f2c6dd,2024-07-11
https://ground.news/article/un-security-council-passes-gaza-cease-fire-proposal-drafted-by-the-us_31e501,2024-07-11
https://ground.news/article/90-countries-to-attend-swiss-hosted-ukraine-peace-summit-that-russia-is-snubbing_9ff187,2024-07-11
https://ground.news/article/belgian-premier-announces-resignation-after-his-partys-defeat-in-eu-elections_e22416,2024-07-11
https://ground.news/article/joe-biden-says-he-will-respect-the-judicial-process-as-hunter-considers-appeal_a7824e,2024-07-11
https://ground.news/article/dengue-mosquito-borne-diseases-rising-in-europe-eu-agency_723c41,2024-07-11
https://ground.news/article/stranded-california-kite-surfer-rescued-after-writing-help-with-rocks-on-beach,2024-07-11
https://ground.news/article/elon-musk-drops-suit-against-openai-and-sam-altman,2024-07-11
https://ground.news/article/oracle-shares-jump-on-google-and-openai-deals-despite-earnings-miss,2024-07-11
https://ground.news/article/shari-redstone-ends-talks-with-skydance-about-paramount-merger-report,2024-07-11
https://ground.news/article/russian-warships-hold-drills-in-atlantic-ahead-of-visit-to-cuba,2024-07-11
https://ground.news/article/new-zealand-scraps-plan-to-tax-livestock-burps-farts_fd3ab9,2024-07-11
https://ground.news/article/fire-breaks-out-at-versailles-palace-swiftly-brought-under-control_bfa6fc,2024-07-11
https://ground.news/article/russian-su-34-bomber-crashes-in-caucasus-crew-killed-agencies-report_d4a905,2024-07-11
https://ground.news/article/cbs-host-shocked-by-poll-showing-62-of-registered-voters-support-deporting-all-illegal-immigrants_b0fa5e,2024-07-11
https://ground.news/article/former-trump-attorney-in-wisconsin-suspended-from-state-judicial-ethics-panel_434bb5,2024-07-11
https://ground.news/article/denmark-detains-russian-citizen-suspected-of-aiding-foreign-intelligence_09d823,2024-07-11
https://ground.news/article/i-am-not-quite-myself-danish-pm-in-first-tv-interview-since-assault-that-gave-her-whiplash_7dae92,2024-07-11
https://ground.news/article/french-left-wing-parties-pledge-to-team-up-for-snap-elections_a17126,2024-07-11
https://ground.news/article/rare-elephant-twins-born-in-dramatic-birth-in-thailand_92ddb1,2024-07-11
https://ground.news/article/russia-belarus-launch-a-second-stage-of-drills-to-train-troops-in-tactical-nuclear-weapons_9d4fea,2024-07-11
https://ground.news/article/iceland-issues-license-for-128-fin-whales-to-be-hunted-this-year_d991db,2024-07-11
https://ground.news/article/in-italys-puglia-region-women-take-the-lead-in-challenging-the-local-mafia-at-great-personal-risk_382227,2024-07-11
https://ground.news/article/4-dutch-parties-say-theyve-reached-agreement-on-ministers-in-a-new-right-wing-government_962977,2024-07-11
https://ground.news/article/world-bank-boosts-forecast-strength-of-us-economy-will-support-global-growth-of-26-this-year_d98ef1,2024-07-11
https://ground.news/article/us-lifts-ban-on-sending-weapons-to-a-controversial-ukrainian-military-unit_cf5bcb,2024-07-11
https://ground.news/article/us-says-israels-use-of-us-arms-likely-violated-international-law-but-evidence-is-incomplete_ae8f47,2024-06-11
https://ground.news/article/un-general-assembly-supports-palestinian-bid-for-membership-despite-us-opposition_8b13ed,2024-06-11
https://ground.news/article/more-than-100-000-people-have-fled-gazas-rafah-un_366a17,2024-06-11
https://ground.news/article/ukraine-sends-in-reinforcements-after-russian-forces-attack-kharkiv-region_6fa6e7,2024-06-11
https://ground.news/article/uk-economy-emerges-from-recession-with-06-growth-in-first-quarter_e5155d,2024-06-11
https://ground.news/article/israel-orders-new-evacuations-in-the-southern-gaza-city-of-rafah-as-it-prepares-to-expand-operations_d809ea,2024-06-11
https://ground.news/article/switzerlands-nemo-wins-the-eurovision-song-contest-2024_49f03f,2024-06-11
https://ground.news/article/polands-prime-minister-vows-to-strengthen-security-at-eu-border-with-belarus_d10ba2,2024-06-11
https://ground.news/article/fierce-fighting-rages-in-ukraines-kharkiv-region-governor-says_851710,2024-06-11
https://ground.news/article/dutch-broadcaster-furious-fans-bemused-after-netherlands-joost-klein-is-booted-from-eurovision_ab9ebb,2024-06-11
https://ground.news/article/french-president-macron-hopes-mbappe-will-play-in-olympics_37b03d,2024-06-11
https://ground.news/article/dutch-contestant-kicked-out-of-eurovision-hours-before-tension-plagued-song-contest-final_c38222,2024-06-11
https://ground.news/article/a-renewed-russian-offensive-on-ukraines-kharkiv-forces-about-1700-civilians-to-evacuate_f03f45,2024-06-11
https://ground.news/article/new-alcohol-ban-in-majorca-and-ibiza-marks-fresh-clampdown-on-excessive-tourism_c73a9f,2024-06-11
https://ground.news/article/nearly-half-of-all-cancer-cases-are-linked-to-obesity_ec41af,2024-06-11
https://ground.news/article/supporters-flock-to-wildwood-for-trumps-saturday-rally_1f7573,2024-06-11
https://ground.news/article/ex-gop-gov-hogan-is-popular-with-some-maryland-democrats-but-not-enough-to-put-him-in-the-senate_9ebd0a,2024-06-11
https://ground.news/article/x-loses-lawsuit-against-israeli-data-scraping-company,2024-06-11
https://ground.news/article/ai-systems-are-already-skilled-at-deceiving-and-manipulating-humans,2024-06-11
https://ground.news/article/maltas-deputy-prime-minister-resigns-ends-eu-commission-bid-as-he-faces-charges-in-hospital-deal_d1f63e,2024-06-11
https://ground.news/article/thousands-of-protesters-in-armenia-demand-the-prime-ministers-resignation-over-azerbaijan-dispute_7ad4cf,2024-06-11
https://ground.news/article/1-in-8-adults-has-taken-ozempic-or-other-glp-1-drug-survey,2024-06-11
https://ground.news/article/fifa-offers-peace-talks-with-leagues-and-players-over-legal-action-threat,2024-06-11
https://ground.news/article/pentagon-blocks-russian-military-from-accessing-starlink-in-ukraine,2024-06-11
https://ground.news/article/us-expected-to-announce-new-400-million-package-of-weapons-for-ukraine_e367f7,2024-06-11
https://ground.news/article/vladimir-putin-reappoints-mikhail-mishustin-as-russias-prime-minister_6afd3c,2024-06-11
https://ground.news/article/bus-plunges-into-river-in-central-st-petersburg-killing-at-least-three_38f2f6,2024-06-11
https://ground.news/article/ukraines-parliament-passes-controversial-law-to-boost-conscripts-fill-army-ranks_def2f2,2024-05-11
https://ground.news/article/biden-vows-ironclad-support-for-israel-amid-iran-attack-fears_0de2e0,2024-05-11
https://ground.news/article/knifeman-shot-dead-by-police-after-killing-one-person-and-injuring-another-in-bordeaux-reports_990869,2024-05-11
https://ground.news/article/us-considering-dropping-julian-assange-prosecution-joe-biden-says_7a0182,2024-05-11
https://ground.news/article/hamas-leader-ismail-haniyeh-says-3-of-his-sons-were-killed-in-an-israeli-airstrike-in-gaza_298c7d,2024-05-11
https://ground.news/article/ecb-holds-rates-at-record-highs-signals-upcoming-cut_1e4921,2024-05-11
https://ground.news/article/computer-scientist-wins-turing-award-for-seminal-work-on-randomness_c9d65a,2024-05-11
https://ground.news/article/portuguese-catholic-church-announces-it-will-compensate-victims-of-sex-abuse_823a8c,2024-05-11
https://ground.news/article/essex-revealed-as-location-for-special-facility-to-turn-human-waste-into-plane-fuel_880768,2024-05-11
https://ground.news/article/norways-health-minister-accused-of-plagiarism-in-latest-ethics-scandal-to-rock-the-government_bc995d,2024-05-11
https://ground.news/article/man-awaiting-trial-for-insulting-belarusian-president-dies-in-jail_b4323b,2024-05-11
https://ground.news/article/apple-warns-of-iphone-mercenary-attack-across-92-countries_81dc6c,2024-05-11
https://ground.news/article/posthumous-memoir-by-russian-opposition-leader-alexei-navalny-to-be-published-oct-22_94a8be,2024-05-11
https://ground.news/article/an-avalanche-in-the-austrian-alps-kills-3-people-from-the-netherlands_f3087e,2024-05-11
https://ground.news/article/spain-will-deport-by-plane-the-bolivians-without-a-visa-detained-in-the-port-of-barcelona_448b01,2024-05-11
https://ground.news/article/support-among-latinos-for-border-wall-ticks-up-survey_76aecf,2024-05-11
https://ground.news/article/us-general-says-russian-army-has-grown-by-15-percent-since-pre-ukraine-war_9797ac,2024-05-11
https://ground.news/article/in-russias-far-east-a-new-heavy-lift-rocket-blasts-off-into-space-after-two-aborted-launches_27f4a8,2024-05-11
https://ground.news/article/oj-simpson-former-football-star-accused-of-murder-has-died_9c10fa,2024-05-11
https://ground.news/article/us-aid-official-says-famine-has-begun-in-northern-gaza_3d95fb,2024-05-11
https://ground.news/article/russias-fsb-says-british-special-forces-operating-in-ukraine_56fa34,2024-05-11
https://ground.news/article/hungary-will-impose-new-restrictions-on-agricultural-imports-from-ukraine_84ebcc,2024-05-11
https://ground.news/article/russian-forces-kill-2-suspected-of-plotting-terror-attacks-authorities-say_53087e,2024-05-11
https://ground.news/article/ukraines-zelenskiy-arrives-in-lithuania-for-summit-war-in-focus_c39641,2024-05-11
https://ground.news/article/lufthansa-and-cabin-crew-union-reach-a-pay-deal-to-end-string-of-german-aviation-dispute,2024-05-11
https://ground.news/article/china-protests-eus-investigation-of-subsidies-in-green-industries-calling-the-move-protectionist_e95fe6,2024-05-11
https://ground.news/article/tiny-bc-town-rallies-around-killer-whale-calf-rescue-effort-as-time-ticks-away_5d0cc8,2024-05-11
https://ground.news/article/biden-netanyahu-hurting-israel-by-not-preventing-more-civilian-deaths-in-gaza_864491,2024-04-11
https://ground.news/article/biden-says-he-regrets-calling-migrant-an-illegal-in-state-of-the-union_519783,2024-04-11
https://ground.news/article/us-justice-department-opens-criminal-investigation-in-alaska-airlines-blowout-wsj-reports_156269,2024-04-11
https://ground.news/article/pope-says-ukraine-should-have-courage-of-the-white-flag-of-negotiations_323bf9,2024-04-11
https://ground.news/article/biden-signs-key-government-funding-bills-into-law-averting-shutdown_62ad3a,2024-04-11
https://ground.news/article/9-people-dead-and-78-others-hospitalized-after-eating-sea-turtle-meat-on-zanzibars-pemba-island_bdf5cf,2024-04-11
https://ground.news/article/the-body-shop-shuts-down-all-us-operations-closes-dozens-of-stores-in-canada_4c4d82,2024-04-11
https://ground.news/article/us-embrace-of-remote-working-empties-offices-weighs-on-banks_e2e2e2,2024-04-11
https://ground.news/article/protests-over-israels-war-in-gaza-snarl-traffic-outside-oscars_9be76b,2024-04-11
https://ground.news/article/all-5-aboard-dead-after-small-private-jet-crashes-and-burns-in-rural-virginia-woods-police-say_2532f8,2024-04-11
https://ground.news/article/oppenheimer-wins-oscar-for-best-picture_84bd1d,2024-04-11
https://ground.news/article/ukraine-war-film-20-days-in-mariupol-wins-oscar-for-best-documentary_b2b3ec,2024-04-11
https://ground.news/article/nancy-mace-pushes-back-on-george-stephanopoulos-in-heated-exchange-over-trump-support-trying-to-shame-me,2024-04-11
https://ground.news/article/netanyahu-hits-back-at-bidens-criticism-policies-are-supported-by-overwhelming-majority-of-israelis_9bb5b7,2024-04-11
https://ground.news/article/billie-eilish-ramy-youssef-show-support-for-gaza-cease-fire-at-oscars_42dafb,2024-04-11
https://ground.news/article/schiff-i-hope-intelligence-community-will-dumb-down-trumps-briefings,2024-04-11
https://ground.news/article/kimmel-fires-back-at-trump-criticism-from-oscars-stage-isnt-it-past-your-jail-time,2024-04-11
https://ground.news/article/biden-cajoles-netanyahu-with-tough-talk-humanitarian-concerns-but-israeli-pm-remains-dug-in,2024-04-11
https://ground.news/article/federal-judge-in-texas-blocks-us-labor-board-rule-that-would-make-it-easier-for-workers-to-unionize,2024-04-11
https://ground.news/article/new-jersey-infant-killed-parents-injured-in-apparent-attack-by-family-dog-police-say_6142e0,2024-04-11
https://ground.news/article/police-make-arrest-after-woman-was-pushed-onto-subway-tracks-by-boyfriend-in-manhattan_296710,2024-04-11
https://ground.news/article/lawyer-says-missouri-man-thought-his-mom-was-an-intruder-when-he-shot-and-killed-her_8c4059,2024-04-11
https://ground.news/article/trump-supporters-hoping-to-oust-wisconsin-leader-say-they-have-enough-signatures-to-force-recall,2024-04-11
https://ground.news/article/senator-bernie-sanders-hamas-and-netanyahu-must-go,2024-04-11
https://ground.news/article/2-national-guard-soldiers-1-border-patrol-agent-killed-in-texas-helicopter-crash-are-identified_b17d08,2024-04-11
https://ground.news/article/a-backcountry-skier-has-died-on-new-hampshires-mount-washington-in-icy-conditions-2-others-injured_66c994,2024-04-11
https://ground.news/article/katie-britt-defends-human-trafficking-story-in-state-of-the-union-response-amid-backlash_70cafc,2024-04-11
https://ground.news/article/sheriff-says-suspect-is-down-after-shooting-at-celebrity-pastor-joel-osteens-texas-megachurch_2aa612,2024-03-11
https://ground.news/article/senate-advances-ukraine-aid-bill-despite-trump-opposition_0b88f6,2024-03-11
https://ground.news/article/nato-chief-says-trump-remarks-may-put-us-and-eu-lives-at-risk_fa34bc,2024-03-11
https://ground.news/article/trump-says-he-would-encourage-russia-to-attack-nato-allies-who-do-not-pay-their-bills_dc548a,2024-03-11
https://ground.news/article/israel-claims-hamas-tunnel-found-under-un-refugee-agency-gaza-headquarters_e07283,2024-03-11
https://ground.news/article/598863c6-fcf5-46bd-ba79-46efe9c71dc6,2024-03-11
https://ground.news/article/man-convicted-of-execution-style-killing-of-nypd-officer-in-1988-denied-parole,2024-03-11
https://ground.news/article/f85f10ad-81ca-48b3-afdd-12133370a9e3,2024-03-11
https://ground.news/article/bidens-legal-team-went-to-doj-over-what-they-viewed-as-cherry-picked-digs-at-his-memory_9c13ea,2024-03-11
https://ground.news/article/southwest-winter-storm-moves-into-new-mexico-up-to-foot-of-snow-possible-in-northeast-mountains_709d6a,2024-03-11
https://ground.news/article/elon-musk-ordered-to-testify-in-secs-twitter-probe,2024-03-11
https://ground.news/article/mayorkas-calls-border-crisis-a-broken-system,2024-03-11
https://ground.news/article/trump-says-theres-no-way-taylor-swift-will-endorse-biden,2024-03-11
https://ground.news/article/biden-says-israel-shouldnt-go-ahead-with-a-military-operation-in-rafah-without-a-credible-plan-to-protect-civilians_3ec4f1,2024-03-11
https://ground.news/article/waymo-car-vandalized-set-on-fire-during-lunar-new-year-celebration-in-chinatown_fecfa3,2024-03-11
https://ground.news/article/california-teacher-who-blasted-woke-kindergarten-placed-on-leave-bitter-paid-vacation_b141c8,2024-03-11
https://ground.news/article/man-sentenced-to-life-in-prison-for-killing-4-workers-at-oklahoma-pot-farm,2024-03-11
https://ground.news/article/greening-mardi-gras-environmentalists-push-alternatives-to-plastic-carnival-beads-in-new-orleans_d5421d,2024-03-11
https://ground.news/article/more-americans-trust-trump-than-biden-on-economy-poll_31a2d9,2024-03-11
https://ground.news/article/183e2926-60d2-44d9-b79c-43ae7faa378f,2024-03-11
https://ground.news/article/overwhelming-majority-of-americans-think-biden-is-too-old-for-another-term-poll_d52dd7,2024-03-11
https://ground.news/article/president-joe-biden-to-travel-to-east-palestine-next-week-a-year-after-derailment_382267,2024-03-11
https://ground.news/article/first-lady-questions-whether-special-counsel-referenced-sons-death-to-score-political-points_ddacf6,2024-03-11
https://ground.news/article/republican-lawmakers-are-backing-dozens-of-bills-targeting-diversity-efforts-on-campus-and-elsewhere_3d9501,2024-03-11
https://ground.news/article/dexter-scott-king-remembered-during-memorial-as-keeper-of-his-father-martin-luther-king-jrs-dream_42f362,2024-03-11
https://ground.news/article/this-small-new-york-village-made-guns-for-200-years-what-happens-when-remington-leaves_bb5783,2024-03-11
https://ground.news/article/nyt-editorial-board-biden-must-do-better-to-address-age-concerns-stakes-too-high,2024-03-11
https://ground.news/article/us-and-britain-launch-strikes-against-targets-in-houthi-controlled-yemen_0e79a6,2024-02-11
https://ground.news/article/hunter-biden-pleads-not-guilty-to-federal-tax-charges_d4c3c1,2024-02-11
https://ground.news/article/ohio-woman-who-miscarried-on-home-toilet-is-not-criminally-liable-grand-jury-says_a44c0b,2024-02-11
https://ground.news/article/faa-to-investigate-boeing-after-door-plug-falls-off-alaska-airlines-plane-midair_866d1d,2024-02-11
https://ground.news/article/pentagon-watchdog-launches-review-following-austin-hospitalization_252eec,2024-02-11
https://ground.news/article/jpmorgan-chase-profit-falls-after-29-billion-fee-from-regional-bank-rescues,2024-02-11
https://ground.news/article/african-catholic-bishops-reject-vaticans-same-sex-blessings_a0ffe7,2024-02-11
https://ground.news/article/haleys-frequent-reference-to-new-anti-desantis-website-falls-flat-with-some-supporters-in-iowa_044797,2024-02-11
https://ground.news/article/amazons-audible-is-laying-off-5-of-its-workforce-marking-another-round-of-job-cuts-in-tech_5c0918,2024-02-11
https://ground.news/article/us-virgin-islands-announces-it-will-build-its-first-artificial-reef-to-protect-itself-from-storms,2024-02-11
https://ground.news/article/mississippis-capital-is-under-a-boil-water-order-after-e-coli-bacteria-is-found-in-citys-supply_675448,2024-02-11
https://ground.news/article/oil-prices-up-25-after-us-britain-strike-houthi-targets_a919c1,2024-02-11
https://ground.news/article/tesla-puts-german-factory-production-on-hold-as-red-sea-attacks-disrupt-supply-chains,2024-02-11
https://ground.news/article/cold-spell-hits-northwest-us-storm-forecast-cancels-flights-classes-across-nation,2024-02-11
https://ground.news/article/victor-davis-hanson-biden-saves-democracy-by-destroying-it,2024-02-11
https://ground.news/article/worried-about-losing-in-2024-iowas-republican-voters-are-less-interested-in-talking-about-abortion_d0b880,2024-02-11
https://ground.news/article/israel-defends-itself-at-the-uns-top-court-against-allegations-of-genocide-against-palestinians_d5197b,2024-02-11
https://ground.news/article/blackrock-to-buy-global-infrastructure-partners-for-125-billion,2024-02-11
https://ground.news/article/abbott-were-not-shooting-people-who-cross-the-border-because-feds-would-charge-us-with-murder_b14335,2024-02-11
https://ground.news/article/family-of-man-killed-by-vallejo-police-reaches-5-million-settlement_4bd0a1,2024-02-11
https://ground.news/article/illegal-tunnel-under-a-synagogue-in-nyc-is-60-feet-long-and-destabilized-nearby-buildings-city-says_77f782,2024-02-11
https://ground.news/article/houthi-rebels-say-us-led-strikes-in-yemen-killed-5-people-and-wounded-6-raising-mideast-tensions_222672,2024-02-11
https://ground.news/article/tech-innovations-that-caught-our-eye-at-ces-2024_9ba188,2024-02-11
https://ground.news/article/us-navy-helicopter-crew-survives-crash-into-ocean-in-southern-california_a320d0,2024-02-11
https://ground.news/article/scientists-make-huge-discovery-that-challenges-our-understanding-of-the-universe_e4a63c,2024-02-11
https://ground.news/article/archeologists-map-lost-cities-in-ecuadorian-amazon-settlements-that-lasted-1-000-years_4602ac,2024-02-11
