,url,date
0,https://ground.news/article/ec825844-072e-47b7-bf08-a4cd3e7a5bb4,2025-02-01
1,https://ground.news/article/person-in-car-killed-along-with-six-people-on-board-medical-plane-in-philadelphia-crash_253e05,2025-02-01
2,https://ground.news/article/venezuela-agrees-to-accept-migrants-in-deal-paving-way-for-deportations-trump-says_cf8b28,2025-02-01
3,https://ground.news/article/fatal-dc-aircraft-collision-black-boxes-recovered-as-investigation-progresses,2025-02-01
4,https://ground.news/article/tulsi-gabbards-dni-nomination-faces-uncertainty-over-edward-snowden-stance_ffed4f,2025-02-01
5,https://ground.news/article/army-releases-name-of-3rd-pilot-who-died-in-helicopter-and-airliner-crash-near-dc-airport_4337d9,2025-02-01
6,https://ground.news/article/ravens-kicker-justin-tucker-accused-of-sexual-misconduct-denies-allegations_c99223,2025-02-01
7,https://ground.news/article/ravens-kicker-justin-tucker-accused-of-sexual-misconduct-denies-allegations_c99223,2025-02-01
8,https://ground.news/article/chicago-fugitive-on-fbis-most-wanted-list-for-wedding-night-killing-captured-in-mexico,2025-02-01
9,https://ground.news/article/recovery-crews-return-to-the-potomac-debris-after-the-deadly-plane-and-helicopter-crash_5b9d68,2025-02-01
10,https://ground.news/article/agriculture-department-staff-told-to-unpublish-pages-focused-on-climate-change,2025-02-01
11,https://ground.news/article/governor-directs-state-agencies-to-ban-dei-policies,2025-02-01
12,https://ground.news/article/tva-ceo-and-president-announces-intent-to-retire-newsradio-1230-am-993-fm-hopkinsvilles-news-leader-hopkinsville-kentucky_8379a9,2025-02-01
13,https://ground.news/article/elon-musk-spent-288-million-to-elect-trump,2025-02-01
14,https://ground.news/article/when-will-us-house-prices-and-mortgage-rates-fall,2025-02-01
15,https://ground.news/article/cbs-agrees-to-release-harris-transcript-to-fcc-amid-trump-lawsuit_4642de,2025-02-01
16,https://ground.news/article/ec825844-072e-47b7-bf08-a4cd3e7a5bb4,2025-02-01
17,https://ground.news/article/person-in-car-killed-along-with-six-people-on-board-medical-plane-in-philadelphia-crash_253e05,2025-02-01
18,https://ground.news/article/venezuela-agrees-to-accept-migrants-in-deal-paving-way-for-deportations-trump-says_cf8b28,2025-02-01
19,https://ground.news/article/fatal-dc-aircraft-collision-black-boxes-recovered-as-investigation-progresses,2025-02-01
20,https://ground.news/article/tulsi-gabbards-dni-nomination-faces-uncertainty-over-edward-snowden-stance_ffed4f,2025-02-01
21,https://ground.news/article/us-advisor-who-flew-to-bedford-to-try-and-rape-a-child-is-jailed,2025-02-01
22,https://ground.news/article/962bd92f-7e52-4d40-8d6a-74c74f804cfd,2025-02-01
23,https://ground.news/article/recovery-crews-return-to-the-potomac-debris-after-the-deadly-plane-and-helicopter-crash_5b9d68,2025-02-01
24,https://ground.news/article/agriculture-department-staff-told-to-unpublish-pages-focused-on-climate-change,2025-02-01
25,https://ground.news/article/governor-directs-state-agencies-to-ban-dei-policies,2025-02-01
26,https://ground.news/article/tva-ceo-and-president-announces-intent-to-retire-newsradio-1230-am-993-fm-hopkinsvilles-news-leader-hopkinsville-kentucky_8379a9,2025-02-01
27,https://ground.news/article/elon-musk-spent-288-million-to-elect-trump,2025-02-01
28,https://ground.news/article/when-will-us-house-prices-and-mortgage-rates-fall,2025-02-01
29,https://ground.news/article/cbs-agrees-to-release-harris-transcript-to-fcc-amid-trump-lawsuit_4642de,2025-02-01
30,https://ground.news/article/american-media-first-marjorie-taylor-greene-rips-reporters-accent-calls-to-throw-out-all-the-foreign-press,2025-02-01
31,https://ground.news/article/trump-fires-the-director-of-the-consumer-financial-protection-bureau_044a6f,2025-02-01
32,https://ground.news/article/elon-musk-spent-288-million-to-elect-trump,2025-02-01
33,https://ground.news/article/when-will-us-house-prices-and-mortgage-rates-fall,2025-02-01
34,https://ground.news/article/cbs-agrees-to-release-harris-transcript-to-fcc-amid-trump-lawsuit_4642de,2025-02-01
35,https://ground.news/article/american-media-first-marjorie-taylor-greene-rips-reporters-accent-calls-to-throw-out-all-the-foreign-press,2025-02-01
36,https://ground.news/article/trump-fires-the-director-of-the-consumer-financial-protection-bureau_044a6f,2025-02-01
37,https://ground.news/article/american-media-first-marjorie-taylor-greene-rips-reporters-accent-calls-to-throw-out-all-the-foreign-press,2025-02-01
38,https://ground.news/article/trump-fires-the-director-of-the-consumer-financial-protection-bureau_044a6f,2025-02-01
39,https://ground.news/article/the-western-monarch-butterfly-population-in-california-is-sharply-declining-study-finds,2025-02-01
40,https://ground.news/article/captain-sully-hero-of-miracle-on-the-hudson-shares-chilling-theory-on-the-dc-plane-crash,2025-02-01
41,https://ground.news/article/ken-martin-elected-new-chair-of-democratic-national-committee,2025-02-01
42,https://ground.news/article/the-western-monarch-butterfly-population-in-california-is-sharply-declining-study-finds,2025-02-01
43,https://ground.news/article/captain-sully-hero-of-miracle-on-the-hudson-shares-chilling-theory-on-the-dc-plane-crash,2025-02-01
44,https://ground.news/article/ken-martin-elected-new-chair-of-democratic-national-committee,2025-02-01
45,https://ground.news/article/trump-says-us-airstrikes-have-killed-many-isis-terrorists-in-somalia_1a02d8,2025-02-01
46,https://ground.news/article/trump-officials-make-plans-to-revoke-legal-status-of-migrants-welcomed-under-biden,2025-02-01
47,https://ground.news/article/the-western-monarch-butterfly-population-in-california-is-sharply-declining-study-finds,2025-02-01
48,https://ground.news/article/captain-sully-hero-of-miracle-on-the-hudson-shares-chilling-theory-on-the-dc-plane-crash,2025-02-01
49,https://ground.news/article/ken-martin-elected-new-chair-of-democratic-national-committee,2025-02-01
50,https://ground.news/article/trump-says-us-airstrikes-have-killed-many-isis-terrorists-in-somalia_1a02d8,2025-02-01
51,https://ground.news/article/trump-officials-make-plans-to-revoke-legal-status-of-migrants-welcomed-under-biden,2025-02-01
52,https://ground.news/article/trump-says-us-airstrikes-have-killed-many-isis-terrorists-in-somalia_1a02d8,2025-02-01
53,https://ground.news/article/trump-officials-make-plans-to-revoke-legal-status-of-migrants-welcomed-under-biden,2025-02-01
54,https://ground.news/article/eaton-and-palisades-wildfires-are-fully-contained-authorities_a77def,2025-02-01
55,https://ground.news/article/us-wants-elections-in-ukraine-after-ceasefire,2025-02-01
56,https://ground.news/article/atlanta-rethinks-clearing-homeless-camps-after-a-man-is-crushed-inside-his-tent,2025-02-01
57,https://ground.news/article/fbi-doesnt-believe-new-orleans-attacker-was-solely-responsible-asks-publics-help-in-tracking-down-associates_9a6f93,2025-01-01
58,https://ground.news/article/sugar-bowl-postponed-24-hours-following-deadly-attack-in-new-orleans_fd5042,2025-01-01
59,https://ground.news/article/2cdf067f-8fca-4a2b-8390-e6b51645ccb0,2025-01-01
60,https://ground.news/article/1-person-dies-when-tesla-cybertruck-catches-fire-and-explodes-outside-trumps-las-vegas-hotel_ebcddb,2025-01-01
61,https://ground.news/article/fbi-confirms-it-is-investigating-new-orleans-ramming-as-act-of-terrorism_11297a,2025-01-01
62,https://ground.news/article/the-death-toll-from-a-deliberate-crash-in-new-orleans-is-now-15-coroner-says_d3bdf4,2025-01-01
63,https://ground.news/article/biden-is-giving-the-second-highest-civilian-award-to-the-leaders-of-the-jan-6-congressional-panel,2025-01-01
64,https://ground.news/article/biden-is-giving-the-second-highest-civilian-award-to-the-leaders-of-the-jan-6-congressional-panel,2025-01-01
65,https://ground.news/article/china-ev-maker-byd-closes-in-on-tesla-as-sales-jump,2025-01-01
66,https://ground.news/article/firework-mortars-gas-cannisters-stuffed-inside-tesla-that-exploded-outside-trumps-las-vegas-hotel_043366,2025-01-01
67,https://ground.news/article/us-army-veteran-who-killed-15-in-new-orleans-attack-was-inspired-by-islamic-state-biden-says,2025-01-01
68,https://ground.news/article/at-least-10-injured-in-shooting-outside-nyc-nightclub_84c240,2025-01-01
69,https://ground.news/article/senior-doj-officials-leaked-investigation-details-before-election-report_ef4643,2025-01-01
70,https://ground.news/article/donald-trump-warns-hamas-to-release-gaza-hostages,2025-01-01
71,https://ground.news/article/malfunctioning-security-bollards-were-removed-from-bourbon-st-before-truck-attack_3d56cc,2025-01-01
72,https://ground.news/article/biden-says-investigators-looking-for-links-between-new-orleans-attack-las-vegas-cybertruck-explosion,2025-01-01
73,https://ground.news/article/fbi-doesnt-believe-new-orleans-attacker-was-solely-responsible-asks-publics-help-in-tracking-down-associates_9a6f93,2025-01-01
74,https://ground.news/article/sugar-bowl-postponed-24-hours-following-deadly-attack-in-new-orleans_fd5042,2025-01-01
75,https://ground.news/article/2cdf067f-8fca-4a2b-8390-e6b51645ccb0,2025-01-01
76,https://ground.news/article/1-person-dies-when-tesla-cybertruck-catches-fire-and-explodes-outside-trumps-las-vegas-hotel_ebcddb,2025-01-01
77,https://ground.news/article/fbi-confirms-it-is-investigating-new-orleans-ramming-as-act-of-terrorism_11297a,2025-01-01
78,https://ground.news/article/reporter-tells-trump-biden-thinks-he-couldve-beaten-you-what-do-you-say-at-new-years-eve-party,2025-01-01
79,https://ground.news/article/transgender-trailblazer-sarah-mcbride-heads-to-her-debut-in-congress-hoping-for-a-touch-of-grace,2025-01-01
80,https://ground.news/article/firework-mortars-gas-cannisters-stuffed-inside-tesla-that-exploded-outside-trumps-las-vegas-hotel_043366,2025-01-01
81,https://ground.news/article/us-army-veteran-who-killed-15-in-new-orleans-attack-was-inspired-by-islamic-state-biden-says,2025-01-01
82,https://ground.news/article/at-least-10-injured-in-shooting-outside-nyc-nightclub_84c240,2025-01-01
83,https://ground.news/article/senior-doj-officials-leaked-investigation-details-before-election-report_ef4643,2025-01-01
84,https://ground.news/article/donald-trump-warns-hamas-to-release-gaza-hostages,2025-01-01
85,https://ground.news/article/malfunctioning-security-bollards-were-removed-from-bourbon-st-before-truck-attack_3d56cc,2025-01-01
86,https://ground.news/article/biden-says-investigators-looking-for-links-between-new-orleans-attack-las-vegas-cybertruck-explosion,2025-01-01
87,https://ground.news/article/new-york-employers-must-now-offer-paid-medical-leave-during-pregnancy_e06e37,2025-01-01
88,https://ground.news/article/a-fireworks-explosion-in-the-honolulu-area-has-killed-2-people-and-injured-20,2025-01-01
89,https://ground.news/article/donald-trump-warns-hamas-to-release-gaza-hostages,2025-01-01
90,https://ground.news/article/malfunctioning-security-bollards-were-removed-from-bourbon-st-before-truck-attack_3d56cc,2025-01-01
91,https://ground.news/article/biden-says-investigators-looking-for-links-between-new-orleans-attack-las-vegas-cybertruck-explosion,2025-01-01
92,https://ground.news/article/new-york-employers-must-now-offer-paid-medical-leave-during-pregnancy_e06e37,2025-01-01
93,https://ground.news/article/a-fireworks-explosion-in-the-honolulu-area-has-killed-2-people-and-injured-20,2025-01-01
94,https://ground.news/article/new-york-employers-must-now-offer-paid-medical-leave-during-pregnancy_e06e37,2025-01-01
95,https://ground.news/article/a-fireworks-explosion-in-the-honolulu-area-has-killed-2-people-and-injured-20,2025-01-01
96,https://ground.news/article/trump-says-new-orleans-attack-confirms-his-rhetoric-on-crime,2025-01-01
97,https://ground.news/article/sununu-trump-second-term-not-the-evil-dictatorship-warned-about-by-liberal-media,2025-01-01
98,https://ground.news/article/justice-department-asks-supreme-court-to-reinstate-anti-money-laundering-law,2025-01-01
99,https://ground.news/article/trump-says-new-orleans-attack-confirms-his-rhetoric-on-crime,2025-01-01
100,https://ground.news/article/sununu-trump-second-term-not-the-evil-dictatorship-warned-about-by-liberal-media,2025-01-01
101,https://ground.news/article/justice-department-asks-supreme-court-to-reinstate-anti-money-laundering-law,2025-01-01
102,https://ground.news/article/connecticut-ag-says-hed-be-first-to-sue-if-trump-targets-birthright-citizenship_227c6b,2025-01-01
103,https://ground.news/article/the-biggest-political-winners-and-losers-of-2024,2025-01-01
104,https://ground.news/article/trump-says-new-orleans-attack-confirms-his-rhetoric-on-crime,2025-01-01
105,https://ground.news/article/sununu-trump-second-term-not-the-evil-dictatorship-warned-about-by-liberal-media,2025-01-01
106,https://ground.news/article/justice-department-asks-supreme-court-to-reinstate-anti-money-laundering-law,2025-01-01
107,https://ground.news/article/connecticut-ag-says-hed-be-first-to-sue-if-trump-targets-birthright-citizenship_227c6b,2025-01-01
108,https://ground.news/article/the-biggest-political-winners-and-losers-of-2024,2025-01-01
109,https://ground.news/article/connecticut-ag-says-hed-be-first-to-sue-if-trump-targets-birthright-citizenship_227c6b,2025-01-01
110,https://ground.news/article/the-biggest-political-winners-and-losers-of-2024,2025-01-01
111,https://ground.news/article/florida-man-arrested-for-alleged-plot-against-aipac-office,2025-01-01
112,https://ground.news/article/dartmouth-basketball-players-end-attempt-to-unionize-in-anticipation-of-shifting-nlrb,2025-01-01
113,https://ground.news/article/steve-bannon-tells-elon-musk-to-sit-in-the-back-and-study_ad402b,2025-01-01
114,https://ground.news/article/trump-threatens-100-tariff-on-the-bric-bloc-of-nations-if-they-act-to-undermine-us-dollar_fff02c,2024-12-01
115,https://ground.news/article/georgian-president-calls-government-illegitimate-pm-says-opposition-plots-revolution_2b1419,2024-12-01
116,https://ground.news/article/airstrike-in-gaza-kills-world-central-kitchen-workers-who-idf-claims-were-involved-in-oct-7-attack,2024-12-01
117,https://ground.news/article/sinn-fein-tops-irish-exit-poll-but-coalition-parties-look-set-for-re-election_d6a184,2024-12-01
118,https://ground.news/article/zelensky-suggests-hes-prepared-to-end-ukraine-war-in-return-for-nato-membership_269d4f,2024-12-01
119,https://ground.news/article/negotiators-fail-to-reach-an-agreement-on-a-plastic-pollution-treaty-talks-to-resume-next-year,2024-12-01
120,https://ground.news/article/germanys-top-diplomat-bashes-chinas-weapon-supplies-to-russia_ed8367,2024-12-01
121,https://ground.news/article/germanys-top-diplomat-bashes-chinas-weapon-supplies-to-russia_ed8367,2024-12-01
122,https://ground.news/article/norway-to-stop-deep-sea-mining-says-party-supporting-minority-government_5320df,2024-12-01
123,https://ground.news/article/fiorentina-inter-halted-after-edoardo-bove-collapses-on-field_a2b13f,2024-12-01
124,https://ground.news/article/storm-bora-floods-homes-streets-in-greek-island-of-rhodes_0de060,2024-12-01
125,https://ground.news/article/russia-says-its-forces-capture-two-settlements-in-ukraines-east_72660c,2024-12-01
126,https://ground.news/article/spain-ten-of-thousands-protest-in-valencia-against-the-authorities-handling-of-floods,2024-12-01
127,https://ground.news/article/thousands-march-in-serbia-to-mark-1-month-since-a-roof-collapse-killed-15-people_cf613f,2024-12-01
128,https://ground.news/article/a-new-belgium-law-gives-sex-workers-contracts-benefits-and-safety-protection,2024-12-01
129,https://ground.news/article/serbia-rejects-responsibility-for-a-water-supply-explosion-in-kosovo-as-tensions-rise,2024-12-01
130,https://ground.news/article/trump-threatens-100-tariff-on-the-bric-bloc-of-nations-if-they-act-to-undermine-us-dollar_fff02c,2024-12-01
131,https://ground.news/article/georgian-president-calls-government-illegitimate-pm-says-opposition-plots-revolution_2b1419,2024-12-01
132,https://ground.news/article/airstrike-in-gaza-kills-world-central-kitchen-workers-who-idf-claims-were-involved-in-oct-7-attack,2024-12-01
133,https://ground.news/article/sinn-fein-tops-irish-exit-poll-but-coalition-parties-look-set-for-re-election_d6a184,2024-12-01
134,https://ground.news/article/zelensky-suggests-hes-prepared-to-end-ukraine-war-in-return-for-nato-membership_269d4f,2024-12-01
135,https://ground.news/article/channel-crossings-under-starmer-hit-new-milestone-as-labour-vows-to-tackle-migration,2024-12-01
136,https://ground.news/article/were-going-to-be-very-visible-minister-champagne-on-border-plan-amid-trumps-tariff-threat_02afbb,2024-12-01
137,https://ground.news/article/fiorentina-inter-halted-after-edoardo-bove-collapses-on-field_a2b13f,2024-12-01
138,https://ground.news/article/storm-bora-floods-homes-streets-in-greek-island-of-rhodes_0de060,2024-12-01
139,https://ground.news/article/russia-says-its-forces-capture-two-settlements-in-ukraines-east_72660c,2024-12-01
140,https://ground.news/article/spain-ten-of-thousands-protest-in-valencia-against-the-authorities-handling-of-floods,2024-12-01
141,https://ground.news/article/thousands-march-in-serbia-to-mark-1-month-since-a-roof-collapse-killed-15-people_cf613f,2024-12-01
142,https://ground.news/article/a-new-belgium-law-gives-sex-workers-contracts-benefits-and-safety-protection,2024-12-01
143,https://ground.news/article/serbia-rejects-responsibility-for-a-water-supply-explosion-in-kosovo-as-tensions-rise,2024-12-01
144,https://ground.news/article/putin-signs-off-record-russian-defense-spending-as-top-eu-officials-visit-kyiv_4b8ab8,2024-12-01
145,https://ground.news/article/s-and-p-maintains-france-economy-rating-despite-fiscal-challenges,2024-12-01
146,https://ground.news/article/thousands-march-in-serbia-to-mark-1-month-since-a-roof-collapse-killed-15-people_cf613f,2024-12-01
147,https://ground.news/article/a-new-belgium-law-gives-sex-workers-contracts-benefits-and-safety-protection,2024-12-01
148,https://ground.news/article/serbia-rejects-responsibility-for-a-water-supply-explosion-in-kosovo-as-tensions-rise,2024-12-01
149,https://ground.news/article/putin-signs-off-record-russian-defense-spending-as-top-eu-officials-visit-kyiv_4b8ab8,2024-12-01
150,https://ground.news/article/s-and-p-maintains-france-economy-rating-despite-fiscal-challenges,2024-12-01
151,https://ground.news/article/putin-signs-off-record-russian-defense-spending-as-top-eu-officials-visit-kyiv_4b8ab8,2024-12-01
152,https://ground.news/article/s-and-p-maintains-france-economy-rating-despite-fiscal-challenges,2024-12-01
153,https://ground.news/article/the-second-biggest-government-loss-in-icelands-history,2024-12-01
154,https://ground.news/article/over-40-people-hospitalized-in-georgia-during-protests-over-suspension-of-eu-talks_f8b156,2024-12-01
155,https://ground.news/article/a-landmark-climate-change-case-will-open-at-the-top-un-court-as-island-nations-fear-rising-seas_8e0739,2024-12-01
156,https://ground.news/article/the-second-biggest-government-loss-in-icelands-history,2024-12-01
157,https://ground.news/article/over-40-people-hospitalized-in-georgia-during-protests-over-suspension-of-eu-talks_f8b156,2024-12-01
158,https://ground.news/article/a-landmark-climate-change-case-will-open-at-the-top-un-court-as-island-nations-fear-rising-seas_8e0739,2024-12-01
159,https://ground.news/article/romanians-cast-ballots-in-parliamentary-election-as-turmoil-in-presidential-race-grips-the-nation_ed94a8,2024-12-01
160,https://ground.news/article/a-positive-day-for-us-social-democrats-look-set-to-make-gains-in-dail,2024-12-01
161,https://ground.news/article/the-second-biggest-government-loss-in-icelands-history,2024-12-01
162,https://ground.news/article/over-40-people-hospitalized-in-georgia-during-protests-over-suspension-of-eu-talks_f8b156,2024-12-01
163,https://ground.news/article/a-landmark-climate-change-case-will-open-at-the-top-un-court-as-island-nations-fear-rising-seas_8e0739,2024-12-01
164,https://ground.news/article/romanians-cast-ballots-in-parliamentary-election-as-turmoil-in-presidential-race-grips-the-nation_ed94a8,2024-12-01
165,https://ground.news/article/a-positive-day-for-us-social-democrats-look-set-to-make-gains-in-dail,2024-12-01
166,https://ground.news/article/romanians-cast-ballots-in-parliamentary-election-as-turmoil-in-presidential-race-grips-the-nation_ed94a8,2024-12-01
167,https://ground.news/article/a-positive-day-for-us-social-democrats-look-set-to-make-gains-in-dail,2024-12-01
168,https://ground.news/article/not-a-good-day-green-leader-roderic-ogorman-admits-that-the-party-faces-losing-three-quarters-of-their-seats,2024-12-01
169,https://ground.news/article/22-year-old-youtuber-freezes-to-death-in-snowstorm-in-sweden-said-ill-survive-you-know-in-last-message,2024-12-01
170,https://ground.news/article/three-members-of-the-chinese-delegation-declared-undesirable-in-lithuania-business-knowledge,2024-12-01
171,https://ground.news/article/uk-govt-apologises-after-girls-death-linked-to-pollution_ace20b,2024-11-01
172,https://ground.news/article/germany-orders-3-iranian-consulates-to-shut-after-an-iranian-german-prisoner-is-executed_f5e8c6,2024-11-01
173,https://ground.news/article/russia-expels-six-british-diplomats-it-accuses-of-spying-and-sabotage-activity_e8daba,2024-11-01
174,https://ground.news/article/austria-carries-out-raids-against-72-alleged-islamic-extremists-ahead-of-9-11-anniversary,2024-11-01
175,https://ground.news/article/biden-says-ending-ban-on-ukraines-use-of-long-range-weapons-being-worked-out_545e53,2024-11-01
176,https://ground.news/article/about-8-000-north-korean-troops-are-near-the-ukrainian-border-us-diplomat-says-at-un_ba1a00,2024-11-01
177,https://ground.news/article/math-discovery-of-the-largest-prime-number-endowed-with-41-million-digits,2024-11-01
178,https://ground.news/article/math-discovery-of-the-largest-prime-number-endowed-with-41-million-digits,2024-11-01
179,https://ground.news/article/nvidia-to-join-dow-jones-industrial-average-replacing-intel_95141a,2024-11-01
180,https://ground.news/article/poland-starts-building-fortifications-on-natos-border-with-russia_8ec3a9,2024-11-01
181,https://ground.news/article/2f2979f6-416e-4244-b5d9-96ad2bc86241,2024-11-01
182,https://ground.news/article/microsofts-ai-recall-tool-faces-another-delay-amid-privacy-concerns,2024-11-01
183,https://ground.news/article/us-is-sending-425-million-in-military-assistance-to-ukraine_6afd4e,2024-11-01
184,https://ground.news/article/nasas-perseverance-captures-googly-eye-during-solar-eclipse,2024-11-01
185,https://ground.news/article/amateurish-thieves-steal-2-warhol-prints-damage-2-more-in-botched-heist-at-dutch-gallery_d1e5fb,2024-11-01
186,https://ground.news/article/japan-eu-announce-new-defense-pact_c0a2dc,2024-11-01
187,https://ground.news/article/uk-govt-apologises-after-girls-death-linked-to-pollution_ace20b,2024-11-01
188,https://ground.news/article/germany-orders-3-iranian-consulates-to-shut-after-an-iranian-german-prisoner-is-executed_f5e8c6,2024-11-01
189,https://ground.news/article/russia-expels-six-british-diplomats-it-accuses-of-spying-and-sabotage-activity_e8daba,2024-11-01
190,https://ground.news/article/austria-carries-out-raids-against-72-alleged-islamic-extremists-ahead-of-9-11-anniversary,2024-11-01
191,https://ground.news/article/biden-says-ending-ban-on-ukraines-use-of-long-range-weapons-being-worked-out_545e53,2024-11-01
192,https://ground.news/article/gaza-polio-vaccinations-to-resume-saturday-who_aa7296,2024-11-01
193,https://ground.news/article/detroit-strengthens-security-at-sites-where-ballots-are-counted,2024-11-01
194,https://ground.news/article/poland-starts-building-fortifications-on-natos-border-with-russia_8ec3a9,2024-11-01
195,https://ground.news/article/2f2979f6-416e-4244-b5d9-96ad2bc86241,2024-11-01
196,https://ground.news/article/microsofts-ai-recall-tool-faces-another-delay-amid-privacy-concerns,2024-11-01
197,https://ground.news/article/us-is-sending-425-million-in-military-assistance-to-ukraine_6afd4e,2024-11-01
198,https://ground.news/article/nasas-perseverance-captures-googly-eye-during-solar-eclipse,2024-11-01
199,https://ground.news/article/amateurish-thieves-steal-2-warhol-prints-damage-2-more-in-botched-heist-at-dutch-gallery_d1e5fb,2024-11-01
200,https://ground.news/article/japan-eu-announce-new-defense-pact_c0a2dc,2024-11-01
201,https://ground.news/article/a-dissident-film-director-from-belarus-is-released-after-1-year-of-detention-in-serbia_63c7e1,2024-11-01
202,https://ground.news/article/at-least-8-killed-in-roof-collapse-at-serbian-railway-station_265781,2024-11-01
203,https://ground.news/article/nasas-perseverance-captures-googly-eye-during-solar-eclipse,2024-11-01
204,https://ground.news/article/amateurish-thieves-steal-2-warhol-prints-damage-2-more-in-botched-heist-at-dutch-gallery_d1e5fb,2024-11-01
205,https://ground.news/article/japan-eu-announce-new-defense-pact_c0a2dc,2024-11-01
206,https://ground.news/article/a-dissident-film-director-from-belarus-is-released-after-1-year-of-detention-in-serbia_63c7e1,2024-11-01
207,https://ground.news/article/at-least-8-killed-in-roof-collapse-at-serbian-railway-station_265781,2024-11-01
208,https://ground.news/article/a-dissident-film-director-from-belarus-is-released-after-1-year-of-detention-in-serbia_63c7e1,2024-11-01
209,https://ground.news/article/at-least-8-killed-in-roof-collapse-at-serbian-railway-station_265781,2024-11-01
210,https://ground.news/article/greek-police-say-fatal-athens-apartment-blast-was-likely-caused-by-improvised-bomb_3f1ad6,2024-11-01
211,https://ground.news/article/sergey-lavrov-to-visit-malta-next-month-russian-media-reports_5742b5,2024-11-01
212,https://ground.news/article/north-korea-says-it-backs-russia-to-victory-in-ukraine_8ab768,2024-11-01
213,https://ground.news/article/greek-police-say-fatal-athens-apartment-blast-was-likely-caused-by-improvised-bomb_3f1ad6,2024-11-01
214,https://ground.news/article/sergey-lavrov-to-visit-malta-next-month-russian-media-reports_5742b5,2024-11-01
215,https://ground.news/article/north-korea-says-it-backs-russia-to-victory-in-ukraine_8ab768,2024-11-01
216,https://ground.news/article/americans-helping-ukraines-war-efforts-say-the-us-hasnt-done-enough_3be79a,2024-11-01
217,https://ground.news/article/us-calls-on-a-silent-china-to-use-its-sway-over-russia-and-north-korea_66e212,2024-11-01
218,https://ground.news/article/greek-police-say-fatal-athens-apartment-blast-was-likely-caused-by-improvised-bomb_3f1ad6,2024-11-01
219,https://ground.news/article/sergey-lavrov-to-visit-malta-next-month-russian-media-reports_5742b5,2024-11-01
220,https://ground.news/article/north-korea-says-it-backs-russia-to-victory-in-ukraine_8ab768,2024-11-01
221,https://ground.news/article/americans-helping-ukraines-war-efforts-say-the-us-hasnt-done-enough_3be79a,2024-11-01
222,https://ground.news/article/us-calls-on-a-silent-china-to-use-its-sway-over-russia-and-north-korea_66e212,2024-11-01
223,https://ground.news/article/americans-helping-ukraines-war-efforts-say-the-us-hasnt-done-enough_3be79a,2024-11-01
224,https://ground.news/article/us-calls-on-a-silent-china-to-use-its-sway-over-russia-and-north-korea_66e212,2024-11-01
225,https://ground.news/article/drone-crashes-on-oil-depot-in-russias-stavropol-region_e352ad,2024-11-01
226,https://ground.news/article/five-people-wounded-in-drug-trafficking-shootout-in-western-france_588f47,2024-11-01
227,https://ground.news/article/russia-sentences-former-us-consulate-worker-to-nearly-5-years-in-prison_000000,2024-11-01
228,https://ground.news/article/israels-netanyahu-says-iran-made-a-big-mistake-and-will-pay,2024-10-01
229,https://ground.news/article/euro-zone-inflation-falls-to-18-in-september-below-the-european-central-banks-2-target_0a2ef2,2024-10-01
230,https://ground.news/article/israel-begins-limited-ground-offensive-against-hezbollah-in-southern-lebanon_534bb8,2024-10-01
231,https://ground.news/article/uk-becomes-first-g7-nation-to-exit-coal-fired-power_f8ab8a,2024-10-01
232,https://ground.news/article/norway-is-mulling-building-a-fence-on-its-border-with-russia-following-finlands-example_073be5,2024-10-01
233,https://ground.news/article/0e566116-9f3a-4428-9301-d601b96a219c,2024-10-01
234,https://ground.news/article/um-why-on-earth-did-a-man-purchase-a-4k-taylor-swift-guitar-and-then-smash-it-with-a-hammer_c6a19b,2024-10-01
235,https://ground.news/article/um-why-on-earth-did-a-man-purchase-a-4k-taylor-swift-guitar-and-then-smash-it-with-a-hammer_c6a19b,2024-10-01
236,https://ground.news/article/pope-leads-top-cardinals-in-atoning-for-a-host-of-sins-ahead-of-a-new-phase-of-reform-effort,2024-10-01
237,https://ground.news/article/swiss-glaciers-are-receding-again-after-2-punishing-years-and-despite-a-good-start-to-2024_8a9f2e,2024-10-01
238,https://ground.news/article/nike-withdraws-annual-revenue-forecast-shares-drop-6,2024-10-01
239,https://ground.news/article/2917deef-9f0f-40ff-b30a-440df90a17c6,2024-10-01
240,https://ground.news/article/almost-200k-jeep-hybrids-recalled-over-fire-risk_449321,2024-10-01
241,https://ground.news/article/nasas-webb-telescope-detects-traces-of-carbon-dioxide-on-the-surface-of-plutos-largest-moon_8be66b,2024-10-01
242,https://ground.news/article/swiss-police-say-a-man-attacked-and-injured-3-children-in-zurich_81df32,2024-10-01
243,https://ground.news/article/a-likely-russian-artillery-strike-kills-at-least-6-at-a-ukrainian-market_59ff05,2024-10-01
244,https://ground.news/article/israels-netanyahu-says-iran-made-a-big-mistake-and-will-pay,2024-10-01
245,https://ground.news/article/euro-zone-inflation-falls-to-18-in-september-below-the-european-central-banks-2-target_0a2ef2,2024-10-01
246,https://ground.news/article/israel-begins-limited-ground-offensive-against-hezbollah-in-southern-lebanon_534bb8,2024-10-01
247,https://ground.news/article/uk-becomes-first-g7-nation-to-exit-coal-fired-power_f8ab8a,2024-10-01
248,https://ground.news/article/norway-is-mulling-building-a-fence-on-its-border-with-russia-following-finlands-example_073be5,2024-10-01
249,https://ground.news/article/8-killed-7-wounded-in-shooting-at-tel-aviv-train-station-in-suspected-terrorist-attack_6b6d1f,2024-10-01
250,https://ground.news/article/harris-to-be-interviewed-trump-declines-60-minutes-election-special_2dc6a2,2024-10-01
251,https://ground.news/article/swiss-glaciers-are-receding-again-after-2-punishing-years-and-despite-a-good-start-to-2024_8a9f2e,2024-10-01
252,https://ground.news/article/nike-withdraws-annual-revenue-forecast-shares-drop-6,2024-10-01
253,https://ground.news/article/2917deef-9f0f-40ff-b30a-440df90a17c6,2024-10-01
254,https://ground.news/article/almost-200k-jeep-hybrids-recalled-over-fire-risk_449321,2024-10-01
255,https://ground.news/article/almost-200k-jeep-hybrids-recalled-over-fire-risk_449321,2024-10-01
256,https://ground.news/article/nasas-webb-telescope-detects-traces-of-carbon-dioxide-on-the-surface-of-plutos-largest-moon_8be66b,2024-10-01
257,https://ground.news/article/swiss-police-say-a-man-attacked-and-injured-3-children-in-zurich_81df32,2024-10-01
258,https://ground.news/article/a-likely-russian-artillery-strike-kills-at-least-6-at-a-ukrainian-market_59ff05,2024-10-01
259,https://ground.news/article/wildfire-burning-through-forest-in-southern-greece-kills-2-people_ea8c4f,2024-10-01
260,https://ground.news/article/nasas-webb-telescope-detects-traces-of-carbon-dioxide-on-the-surface-of-plutos-largest-moon_8be66b,2024-10-01
261,https://ground.news/article/swiss-police-say-a-man-attacked-and-injured-3-children-in-zurich_81df32,2024-10-01
262,https://ground.news/article/a-likely-russian-artillery-strike-kills-at-least-6-at-a-ukrainian-market_59ff05,2024-10-01
263,https://ground.news/article/wildfire-burning-through-forest-in-southern-greece-kills-2-people_ea8c4f,2024-10-01
264,https://ground.news/article/lot-polish-airlines-sorry-after-disabled-bbc-reporter-frank-gardner-had-to-crawl-along-floor-on-discriminatory-airline_298f46,2024-10-01
265,https://ground.news/article/wildfire-burning-through-forest-in-southern-greece-kills-2-people_ea8c4f,2024-10-01
266,https://ground.news/article/lot-polish-airlines-sorry-after-disabled-bbc-reporter-frank-gardner-had-to-crawl-along-floor-on-discriminatory-airline_298f46,2024-10-01
267,https://ground.news/article/playstation-network-faces-major-service-outage-no-official-reason-given_bfcddd,2024-10-01
268,https://ground.news/article/navigating-us-presidential-politics-zelenskyy-met-trump-and-harris-now-comes-a-harder-part_336725,2024-10-01
269,https://ground.news/article/natos-new-chief-makes-ukraine-support-a-top-priority-and-says-he-will-work-with-any-us-president_e66a18,2024-10-01
270,https://ground.news/article/lot-polish-airlines-sorry-after-disabled-bbc-reporter-frank-gardner-had-to-crawl-along-floor-on-discriminatory-airline_298f46,2024-10-01
271,https://ground.news/article/playstation-network-faces-major-service-outage-no-official-reason-given_bfcddd,2024-10-01
272,https://ground.news/article/navigating-us-presidential-politics-zelenskyy-met-trump-and-harris-now-comes-a-harder-part_336725,2024-10-01
273,https://ground.news/article/natos-new-chief-makes-ukraine-support-a-top-priority-and-says-he-will-work-with-any-us-president_e66a18,2024-10-01
274,https://ground.news/article/germany-arrests-woman-who-allegedly-passed-airport-details-to-suspected-spy-for-china_2223d6,2024-10-01
275,https://ground.news/article/playstation-network-faces-major-service-outage-no-official-reason-given_bfcddd,2024-10-01
276,https://ground.news/article/navigating-us-presidential-politics-zelenskyy-met-trump-and-harris-now-comes-a-harder-part_336725,2024-10-01
277,https://ground.news/article/natos-new-chief-makes-ukraine-support-a-top-priority-and-says-he-will-work-with-any-us-president_e66a18,2024-10-01
278,https://ground.news/article/germany-arrests-woman-who-allegedly-passed-airport-details-to-suspected-spy-for-china_2223d6,2024-10-01
279,https://ground.news/article/germany-arrests-woman-who-allegedly-passed-airport-details-to-suspected-spy-for-china_2223d6,2024-10-01
280,https://ground.news/article/shares-in-automakers-stellantis-and-aston-martin-skid-on-profit-warnings_530a03,2024-10-01
281,https://ground.news/article/putin-orders-conscription-of-133-000-servicemen-in-russias-autumn-draft_fbd09f,2024-10-01
282,https://ground.news/article/german-inflation-drops-below-2-for-first-time-since-early-2021_c9bb85,2024-10-01
283,https://ground.news/article/ai-chipmaker-cerebras-files-for-ipo-to-take-on-nvidia_591afd,2024-10-01
284,https://ground.news/article/russia-will-change-nuclear-doctrine-due-to-wests-actions-in-ukraine-official-says_d394a7,2024-09-01
285,https://ground.news/article/russia-says-it-downed-over-150-drones-in-one-of-the-biggest-ukrainian-drone-attacks-of-the-war_b32e4a,2024-09-01
286,https://ground.news/article/ukrainian-president-fires-air-force-commander-after-fatal-f-16-crash_41cb14,2024-09-01
287,https://ground.news/article/germany-deports-28-afghan-nationals-to-their-homeland-the-first-since-the-taliban-takeover-in-2021_30a058,2024-09-01
288,https://ground.news/article/ukraine-says-us-made-f-16-fighter-jet-crashed-killing-a-top-pilot_c3d7c9,2024-09-01
289,https://ground.news/article/77a86526-e8b3-454f-9574-a510aa335cd4,2024-09-01
290,https://ground.news/article/man-arrested-in-poland-on-suspicion-of-holding-a-woman-captive-and-abusing-her-for-over-5-years_7b159d,2024-09-01
291,https://ground.news/article/man-arrested-in-poland-on-suspicion-of-holding-a-woman-captive-and-abusing-her-for-over-5-years_7b159d,2024-09-01
292,https://ground.news/article/kremlin-spokesman-says-harris-is-more-predictable-than-trump_7b169c,2024-09-01
293,https://ground.news/article/at-least-41-injured-including-5-children-as-russia-launches-ballistic-missiles-at-kharkiv,2024-09-01
294,https://ground.news/article/after-telegram-founder-arrest-russians-fear-loss-of-main-information-source_aa5b9e,2024-09-01
295,https://ground.news/article/ukraines-top-general-says-situation-difficult-around-main-russian-attack_81d09f,2024-09-01
296,https://ground.news/article/the-wreckage-of-a-helicopter-missing-in-russias-far-east-is-located-and-17-bodies-found_4c3be5,2024-09-01
297,https://ground.news/article/germanys-leaders-pay-tribute-to-victims-of-the-solingen-knife-attack_b87c84,2024-09-01
298,https://ground.news/article/italy-plans-to-charge-visitors-25-a-night-to-crack-down-on-overtourism,2024-09-01
299,https://ground.news/article/azerbaijan-holds-a-parliamentary-election-expected-to-retain-the-presidential-partys-dominance_a9f2e1,2024-09-01
300,https://ground.news/article/russia-will-change-nuclear-doctrine-due-to-wests-actions-in-ukraine-official-says_d394a7,2024-09-01
301,https://ground.news/article/russia-says-it-downed-over-150-drones-in-one-of-the-biggest-ukrainian-drone-attacks-of-the-war_b32e4a,2024-09-01
302,https://ground.news/article/ukrainian-president-fires-air-force-commander-after-fatal-f-16-crash_41cb14,2024-09-01
303,https://ground.news/article/germany-deports-28-afghan-nationals-to-their-homeland-the-first-since-the-taliban-takeover-in-2021_30a058,2024-09-01
304,https://ground.news/article/ukraine-says-us-made-f-16-fighter-jet-crashed-killing-a-top-pilot_c3d7c9,2024-09-01
305,https://ground.news/article/illegal-migrants-do-not-have-gun-rights-protected-by-2nd-amendment-federal-appeals-court_6e2241,2024-09-01
306,https://ground.news/article/george-clooney-praises-joe-biden-for-being-selfless-and-giving-up-power_37b271,2024-09-01
307,https://ground.news/article/at-least-41-injured-including-5-children-as-russia-launches-ballistic-missiles-at-kharkiv,2024-09-01
308,https://ground.news/article/after-telegram-founder-arrest-russians-fear-loss-of-main-information-source_aa5b9e,2024-09-01
309,https://ground.news/article/ukraines-top-general-says-situation-difficult-around-main-russian-attack_81d09f,2024-09-01
310,https://ground.news/article/the-wreckage-of-a-helicopter-missing-in-russias-far-east-is-located-and-17-bodies-found_4c3be5,2024-09-01
311,https://ground.news/article/the-wreckage-of-a-helicopter-missing-in-russias-far-east-is-located-and-17-bodies-found_4c3be5,2024-09-01
312,https://ground.news/article/germanys-leaders-pay-tribute-to-victims-of-the-solingen-knife-attack_b87c84,2024-09-01
313,https://ground.news/article/italy-plans-to-charge-visitors-25-a-night-to-crack-down-on-overtourism,2024-09-01
314,https://ground.news/article/azerbaijan-holds-a-parliamentary-election-expected-to-retain-the-presidential-partys-dominance_a9f2e1,2024-09-01
315,https://ground.news/article/poland-marks-the-85th-anniversary-of-nazi-germanys-invasion-at-the-start-of-world-war-ii_f6281f,2024-09-01
316,https://ground.news/article/germanys-leaders-pay-tribute-to-victims-of-the-solingen-knife-attack_b87c84,2024-09-01
317,https://ground.news/article/italy-plans-to-charge-visitors-25-a-night-to-crack-down-on-overtourism,2024-09-01
318,https://ground.news/article/azerbaijan-holds-a-parliamentary-election-expected-to-retain-the-presidential-partys-dominance_a9f2e1,2024-09-01
319,https://ground.news/article/poland-marks-the-85th-anniversary-of-nazi-germanys-invasion-at-the-start-of-world-war-ii_f6281f,2024-09-01
320,https://ground.news/article/paralympic-triathlon-events-are-postponed-because-of-poor-water-quality-in-the-seine-river_be62ab,2024-09-01
321,https://ground.news/article/poland-marks-the-85th-anniversary-of-nazi-germanys-invasion-at-the-start-of-world-war-ii_f6281f,2024-09-01
322,https://ground.news/article/paralympic-triathlon-events-are-postponed-because-of-poor-water-quality-in-the-seine-river_be62ab,2024-09-01
323,https://ground.news/article/airport-liquid-limit-why-have-eu-and-uk-brought-back-100ml-rule_058d96,2024-09-01
324,https://ground.news/article/crew-member-on-mike-lynch-yacht-tells-of-being-thrown-into-water_8938c6,2024-09-01
325,https://ground.news/article/ukraines-zelenskiy-presses-us-to-greenlight-deeper-strikes-into-russia_45d0a5,2024-09-01
326,https://ground.news/article/paralympic-triathlon-events-are-postponed-because-of-poor-water-quality-in-the-seine-river_be62ab,2024-09-01
327,https://ground.news/article/airport-liquid-limit-why-have-eu-and-uk-brought-back-100ml-rule_058d96,2024-09-01
328,https://ground.news/article/crew-member-on-mike-lynch-yacht-tells-of-being-thrown-into-water_8938c6,2024-09-01
329,https://ground.news/article/ukraines-zelenskiy-presses-us-to-greenlight-deeper-strikes-into-russia_45d0a5,2024-09-01
330,https://ground.news/article/famed-russian-spy-whale-hvaldimir-found-dead-in-norway-sparks-suspicion_ec4187,2024-09-01
331,https://ground.news/article/airport-liquid-limit-why-have-eu-and-uk-brought-back-100ml-rule_058d96,2024-09-01
332,https://ground.news/article/crew-member-on-mike-lynch-yacht-tells-of-being-thrown-into-water_8938c6,2024-09-01
333,https://ground.news/article/ukraines-zelenskiy-presses-us-to-greenlight-deeper-strikes-into-russia_45d0a5,2024-09-01
334,https://ground.news/article/famed-russian-spy-whale-hvaldimir-found-dead-in-norway-sparks-suspicion_ec4187,2024-09-01
335,https://ground.news/article/famed-russian-spy-whale-hvaldimir-found-dead-in-norway-sparks-suspicion_ec4187,2024-09-01
336,https://ground.news/article/russia-says-five-killed-46-injured-in-ukraine-strike-on-belgorod_27b436,2024-09-01
337,https://ground.news/article/blood-test-can-predict-womens-risk-for-cardiovascular-disease-in-30-years-study-says_aa6fce,2024-09-01
338,https://ground.news/article/media-investigation-identifies-66-000-russian-soldiers-killed-in-ukraine_255a59,2024-09-01
339,https://ground.news/article/report-us-rejected-proposal-to-send-f-16-technicians-to-ukraine_db285f,2024-09-01
340,https://ground.news/article/biden-calls-russia-prisoner-swap-feat-of-diplomacy_9eab9e,2024-08-01
341,https://ground.news/article/moldova-expels-russian-diplomat-after-detaining-two-officials-suspected-of-treason-and-conspiracy_252c56,2024-08-01
342,https://ground.news/article/massive-prisoner-swap-frees-us-reporter-evan-gershkovich-and-paul-whelan-turkish-officials-say_492e20,2024-08-01
343,https://ground.news/article/bank-of-england-cuts-interest-rates-to-5-in-first-reduction-since-march-2020_688eef,2024-08-01
344,https://ground.news/article/9-11-plot-mastermind-khalid-sheikh-mohammed-and-co-accused-agree-to-plead-guilty_e379bb,2024-08-01
345,https://ground.news/article/poland-marks-80th-anniversary-of-warsaw-uprising-honoring-heroes-of-doomed-fight-for-freedom,2024-08-01
346,https://ground.news/article/dont-panic-taylor-swift-warns-fans-to-expect-sirens-for-wwii-anniversary-in-warsaw-before-concert_42cabc,2024-08-01
347,https://ground.news/article/dont-panic-taylor-swift-warns-fans-to-expect-sirens-for-wwii-anniversary-in-warsaw-before-concert_42cabc,2024-08-01
348,https://ground.news/article/extreme-heat-claims-175-000-lives-a-year-in-europe-who_28495c,2024-08-01
349,https://ground.news/article/extended-drought-parches-sicily-and-farmers-worry-about-being-forced-to-sell-off-animals_b7242c,2024-08-01
350,https://ground.news/article/snap-shares-plunge-over-20-on-weak-guidance,2024-08-01
351,https://ground.news/article/who-is-vadim-krasikov-russias-priority-prisoner-in-historic-swap_448b16,2024-08-01
352,https://ground.news/article/who-is-yusuf-dikec-the-turkish-shooter-who-went-viral-at-the-2024-olympics,2024-08-01
353,https://ground.news/article/montenegro-court-approves-extradition-of-cryptocurrency-mogul-do-kwon-to-native-south-korea_ae9493,2024-08-01
354,https://ground.news/article/german-city-renamed-swiftkirchen-for-taylor-swift-concerts-gets-1-400-bids-for-the-signs,2024-08-01
355,https://ground.news/article/imene-khelif-algeria-boxer-who-had-gender-test-issue-wins-first-olympic-fight-when-opponent-quits_1b6ddb,2024-08-01
356,https://ground.news/article/biden-calls-russia-prisoner-swap-feat-of-diplomacy_9eab9e,2024-08-01
357,https://ground.news/article/moldova-expels-russian-diplomat-after-detaining-two-officials-suspected-of-treason-and-conspiracy_252c56,2024-08-01
358,https://ground.news/article/massive-prisoner-swap-frees-us-reporter-evan-gershkovich-and-paul-whelan-turkish-officials-say_492e20,2024-08-01
359,https://ground.news/article/bank-of-england-cuts-interest-rates-to-5-in-first-reduction-since-march-2020_688eef,2024-08-01
360,https://ground.news/article/9-11-plot-mastermind-khalid-sheikh-mohammed-and-co-accused-agree-to-plead-guilty_e379bb,2024-08-01
361,https://ground.news/article/vance-hits-biden-over-sweetheart-deal-with-9-11-terrorists_09d7b5,2024-08-01
362,https://ground.news/article/third-party-candidates-file-to-run-for-president-us-senate-in-pennsylvania_0e798c,2024-08-01
363,https://ground.news/article/extended-drought-parches-sicily-and-farmers-worry-about-being-forced-to-sell-off-animals_b7242c,2024-08-01
364,https://ground.news/article/snap-shares-plunge-over-20-on-weak-guidance,2024-08-01
365,https://ground.news/article/who-is-vadim-krasikov-russias-priority-prisoner-in-historic-swap_448b16,2024-08-01
366,https://ground.news/article/who-is-yusuf-dikec-the-turkish-shooter-who-went-viral-at-the-2024-olympics,2024-08-01
367,https://ground.news/article/who-is-yusuf-dikec-the-turkish-shooter-who-went-viral-at-the-2024-olympics,2024-08-01
368,https://ground.news/article/montenegro-court-approves-extradition-of-cryptocurrency-mogul-do-kwon-to-native-south-korea_ae9493,2024-08-01
369,https://ground.news/article/german-city-renamed-swiftkirchen-for-taylor-swift-concerts-gets-1-400-bids-for-the-signs,2024-08-01
370,https://ground.news/article/imene-khelif-algeria-boxer-who-had-gender-test-issue-wins-first-olympic-fight-when-opponent-quits_1b6ddb,2024-08-01
371,https://ground.news/article/protest-by-climate-activists-at-another-german-airport-halts-cargo-flights_5866e3,2024-08-01
372,https://ground.news/article/montenegro-court-approves-extradition-of-cryptocurrency-mogul-do-kwon-to-native-south-korea_ae9493,2024-08-01
373,https://ground.news/article/german-city-renamed-swiftkirchen-for-taylor-swift-concerts-gets-1-400-bids-for-the-signs,2024-08-01
374,https://ground.news/article/imene-khelif-algeria-boxer-who-had-gender-test-issue-wins-first-olympic-fight-when-opponent-quits_1b6ddb,2024-08-01
375,https://ground.news/article/protest-by-climate-activists-at-another-german-airport-halts-cargo-flights_5866e3,2024-08-01
376,https://ground.news/article/journalist-associations-condemn-sexist-radio-comments-at-olympic-tennis_92f477,2024-08-01
377,https://ground.news/article/protest-by-climate-activists-at-another-german-airport-halts-cargo-flights_5866e3,2024-08-01
378,https://ground.news/article/journalist-associations-condemn-sexist-radio-comments-at-olympic-tennis_92f477,2024-08-01
379,https://ground.news/article/drag-queen-in-olympic-opening-ceremony-has-no-regrets-calls-it-a-photograph-of-france-in-2024_aea615,2024-08-01
380,https://ground.news/article/dutch-province-warns-parents-against-taking-young-children-to-forests-following-wolf-encounters_308545,2024-08-01
381,https://ground.news/article/uber-chinas-byd-form-partnership-to-deploy-100-000-evs-in-eu-and-latin-america_b158a9,2024-08-01
382,https://ground.news/article/journalist-associations-condemn-sexist-radio-comments-at-olympic-tennis_92f477,2024-08-01
383,https://ground.news/article/drag-queen-in-olympic-opening-ceremony-has-no-regrets-calls-it-a-photograph-of-france-in-2024_aea615,2024-08-01
384,https://ground.news/article/dutch-province-warns-parents-against-taking-young-children-to-forests-following-wolf-encounters_308545,2024-08-01
385,https://ground.news/article/uber-chinas-byd-form-partnership-to-deploy-100-000-evs-in-eu-and-latin-america_b158a9,2024-08-01
386,https://ground.news/article/typhoons-forming-closer-to-coast-due-to-climate-change-study_daa625,2024-08-01
387,https://ground.news/article/drag-queen-in-olympic-opening-ceremony-has-no-regrets-calls-it-a-photograph-of-france-in-2024_aea615,2024-08-01
388,https://ground.news/article/dutch-province-warns-parents-against-taking-young-children-to-forests-following-wolf-encounters_308545,2024-08-01
389,https://ground.news/article/uber-chinas-byd-form-partnership-to-deploy-100-000-evs-in-eu-and-latin-america_b158a9,2024-08-01
390,https://ground.news/article/typhoons-forming-closer-to-coast-due-to-climate-change-study_daa625,2024-08-01
391,https://ground.news/article/typhoons-forming-closer-to-coast-due-to-climate-change-study_daa625,2024-08-01
392,https://ground.news/article/venice-to-limit-size-of-tour-groups-from-this-week-in-tourism-crackdown_c4eaa3,2024-08-01
393,https://ground.news/article/nikkei-tumbles-over-3-australia-hits-new-highs-after-powell-signals-possible-rate-cut-in-september_1a03f2,2024-08-01
394,https://ground.news/article/organic-and-regular-dark-chocolate-contaminated-by-lead-and-cadmium-study-finds_6cdb16,2024-08-01
395,https://ground.news/article/gen-x-and-millennials-at-higher-cancer-risk-than-older-generations_a92e2e,2024-08-01
396,https://ground.news/article/spains-top-court-upholds-arrest-warrants-for-catalan-separatists-despite-amnesty_670d1e,2024-07-01
397,https://ground.news/article/98525aaa-6640-4d81-b7e3-aea275af6471,2024-07-01
398,https://ground.news/article/le-pens-far-right-party-wins-first-round-as-macrons-snap-elections-gamble-backfires_27ef31,2024-07-01
399,https://ground.news/article/attacker-wounds-police-officer-guarding-israels-embassy-in-serbia-before-being-shot-dead_ea769d,2024-07-01
400,https://ground.news/article/democrats-suggests-chatter-on-biden-stepping-aside-amid-panic-over-debate_27c9a8,2024-07-01
401,https://ground.news/article/israel-orders-mass-evacuation-of-palestinians-from-part-of-khan-younis-in-gaza_2f5ce4,2024-07-01
402,https://ground.news/article/this-electric-car-battery-takes-less-than-5-minutes-to-charge_34a9d7,2024-07-01
403,https://ground.news/article/this-electric-car-battery-takes-less-than-5-minutes-to-charge_34a9d7,2024-07-01
404,https://ground.news/article/swedes-take-a-new-step-in-parental-leave-grandparents-can-now-get-paid-to-take-care-of-grandkids_5e5172,2024-07-01
405,https://ground.news/article/over-25-injured-due-to-strong-turbulance-on-air-europa-flight-report_08962b,2024-07-01
406,https://ground.news/article/european-neighbors-cast-a-wary-eye-on-france-after-far-right-partys-election-lead_126880,2024-07-01
407,https://ground.news/article/greece-introduces-growth-oriented-six-day-working-week_8f6257,2024-07-01
408,https://ground.news/article/final-days-of-search-for-jay-slater-dismissed-as-pr-stunt-as-family-make-vow,2024-07-01
409,https://ground.news/article/german-inflation-eases-more-than-expected-in-june_92dafc,2024-07-01
410,https://ground.news/article/greek-prime-minister-warns-of-dangerous-summer-for-wildfires_3eefe9,2024-07-01
411,https://ground.news/article/german-court-convicts-a-prominent-far-right-politician-for-using-a-nazi-slogan_5e7b00,2024-07-01
412,https://ground.news/article/spains-top-court-upholds-arrest-warrants-for-catalan-separatists-despite-amnesty_670d1e,2024-07-01
413,https://ground.news/article/98525aaa-6640-4d81-b7e3-aea275af6471,2024-07-01
414,https://ground.news/article/le-pens-far-right-party-wins-first-round-as-macrons-snap-elections-gamble-backfires_27ef31,2024-07-01
415,https://ground.news/article/attacker-wounds-police-officer-guarding-israels-embassy-in-serbia-before-being-shot-dead_ea769d,2024-07-01
416,https://ground.news/article/democrats-suggests-chatter-on-biden-stepping-aside-amid-panic-over-debate_27c9a8,2024-07-01
417,https://ground.news/article/ocasio-cortez-vows-to-file-impeachment-articles-against-supreme-court-justices_7573b0,2024-07-01
418,https://ground.news/article/court-halts-biden-pause-on-new-gas-exports_82f5d1,2024-07-01
419,https://ground.news/article/over-25-injured-due-to-strong-turbulance-on-air-europa-flight-report_08962b,2024-07-01
420,https://ground.news/article/european-neighbors-cast-a-wary-eye-on-france-after-far-right-partys-election-lead_126880,2024-07-01
421,https://ground.news/article/greece-introduces-growth-oriented-six-day-working-week_8f6257,2024-07-01
422,https://ground.news/article/final-days-of-search-for-jay-slater-dismissed-as-pr-stunt-as-family-make-vow,2024-07-01
423,https://ground.news/article/final-days-of-search-for-jay-slater-dismissed-as-pr-stunt-as-family-make-vow,2024-07-01
424,https://ground.news/article/german-inflation-eases-more-than-expected-in-june_92dafc,2024-07-01
425,https://ground.news/article/greek-prime-minister-warns-of-dangerous-summer-for-wildfires_3eefe9,2024-07-01
426,https://ground.news/article/german-court-convicts-a-prominent-far-right-politician-for-using-a-nazi-slogan_5e7b00,2024-07-01
427,https://ground.news/article/a-center-right-coalition-in-bulgaria-is-tapped-to-form-a-new-government_ea9d7d,2024-07-01
428,https://ground.news/article/german-inflation-eases-more-than-expected-in-june_92dafc,2024-07-01
429,https://ground.news/article/greek-prime-minister-warns-of-dangerous-summer-for-wildfires_3eefe9,2024-07-01
430,https://ground.news/article/german-court-convicts-a-prominent-far-right-politician-for-using-a-nazi-slogan_5e7b00,2024-07-01
431,https://ground.news/article/a-center-right-coalition-in-bulgaria-is-tapped-to-form-a-new-government_ea9d7d,2024-07-01
432,https://ground.news/article/norway-calls-off-unique-property-sale-in-arctic-svalbard_7e0881,2024-07-01
433,https://ground.news/article/a-center-right-coalition-in-bulgaria-is-tapped-to-form-a-new-government_ea9d7d,2024-07-01
434,https://ground.news/article/norway-calls-off-unique-property-sale-in-arctic-svalbard_7e0881,2024-07-01
435,https://ground.news/article/french-police-detain-leading-filmmakers-jacquot-doillon-over-sexual-abuse-allegations_42dace,2024-07-01
436,https://ground.news/article/albanias-world-renowned-novelist-ismail-kadare-dies-at-88_ec27c7,2024-07-01
437,https://ground.news/article/macron-urges-democratic-alliance-against-far-right-after-national-rallys-election-success_398abc,2024-07-01
438,https://ground.news/article/norway-calls-off-unique-property-sale-in-arctic-svalbard_7e0881,2024-07-01
439,https://ground.news/article/french-police-detain-leading-filmmakers-jacquot-doillon-over-sexual-abuse-allegations_42dace,2024-07-01
440,https://ground.news/article/albanias-world-renowned-novelist-ismail-kadare-dies-at-88_ec27c7,2024-07-01
441,https://ground.news/article/macron-urges-democratic-alliance-against-far-right-after-national-rallys-election-success_398abc,2024-07-01
442,https://ground.news/article/ukraine-is-releasing-thousands-of-prisoners-so-they-can-join-the-fight-against-russia,2024-07-01
443,https://ground.news/article/french-police-detain-leading-filmmakers-jacquot-doillon-over-sexual-abuse-allegations_42dace,2024-07-01
444,https://ground.news/article/albanias-world-renowned-novelist-ismail-kadare-dies-at-88_ec27c7,2024-07-01
445,https://ground.news/article/macron-urges-democratic-alliance-against-far-right-after-national-rallys-election-success_398abc,2024-07-01
446,https://ground.news/article/ukraine-is-releasing-thousands-of-prisoners-so-they-can-join-the-fight-against-russia,2024-07-01
447,https://ground.news/article/ukraine-is-releasing-thousands-of-prisoners-so-they-can-join-the-fight-against-russia,2024-07-01
448,https://ground.news/article/meta-accused-of-breaking-european-law-with-its-pay-or-consent-model_f9087b,2024-07-01
449,https://ground.news/article/chinese-space-rocket-crashes-in-flames-after-accidental-launch_cb305c,2024-07-01
450,https://ground.news/article/several-injured-in-german-cafe-acid-attack_bd09ea,2024-07-01
451,https://ground.news/article/three-people-killed-after-plane-smashes-into-paris-motorway_23ab89,2024-07-01
452,https://ground.news/article/biden-presents-new-israel-ceasefire-plan-calls-on-hamas-to-accept_a334cf,2024-06-01
453,https://ground.news/article/france-foils-plan-to-attack-olympic-games-football-stadium_252eed,2024-06-01
454,https://ground.news/article/un-refugee-chief-114-million-have-fled-homes-because-nations-fail-to-tackle-causes-of-conflict_dc6c9a,2024-06-01
455,https://ground.news/article/ukraine-and-russia-announce-major-prisoner-swap_5321d2,2024-06-01
456,https://ground.news/article/police-say-several-people-have-been-hurt-in-a-stabbing-in-the-german-city-of-mannheim_5df781,2024-06-01
457,https://ground.news/article/boeings-first-astronaut-flight-halted-at-the-last-minute_088f60,2024-06-01
458,https://ground.news/article/german-mp-urges-military-to-activate-900-000-reservists-over-russias-belligerence_10ba02,2024-06-01
459,https://ground.news/article/german-mp-urges-military-to-activate-900-000-reservists-over-russias-belligerence_10ba02,2024-06-01
460,https://ground.news/article/estonia-ratifies-cern-accession-to-become-24th-member-in-one-of-europes-key-scientific-bodies_dad1f9,2024-06-01
461,https://ground.news/article/g7-eu-want-to-target-banks-helping-russia-evade-sanctions-bloomberg-reports_3f45e9,2024-06-01
462,https://ground.news/article/voters-in-iceland-are-picking-the-new-president-of-the-rugged-island-near-the-arctic-circle_48c56d,2024-06-01
463,https://ground.news/article/german-court-orders-man-born-in-afghanistan-held-after-knife-attack-at-an-anti-political-islam-event_8938f3,2024-06-01
464,https://ground.news/article/kimmich-slams-racist-survey-that-says-1-in-5-germans-want-more-white-players-in-the-national-team_173935,2024-06-01
465,https://ground.news/article/orban-stages-a-peace-march-in-hungary-in-a-show-of-strength-before-european-parliament-election_71e783,2024-06-01
466,https://ground.news/article/electric-spoon-that-enhances-salty-taste-of-food-and-promotes-healthier-eating-launched-in-japan_d1de2e,2024-06-01
467,https://ground.news/article/venice-bans-loudspeakers-and-limits-tour-groups-in-latest-mass-tourism-crackdown,2024-06-01
468,https://ground.news/article/biden-presents-new-israel-ceasefire-plan-calls-on-hamas-to-accept_a334cf,2024-06-01
469,https://ground.news/article/france-foils-plan-to-attack-olympic-games-football-stadium_252eed,2024-06-01
470,https://ground.news/article/un-refugee-chief-114-million-have-fled-homes-because-nations-fail-to-tackle-causes-of-conflict_dc6c9a,2024-06-01
471,https://ground.news/article/ukraine-and-russia-announce-major-prisoner-swap_5321d2,2024-06-01
472,https://ground.news/article/police-say-several-people-have-been-hurt-in-a-stabbing-in-the-german-city-of-mannheim_5df781,2024-06-01
473,https://ground.news/article/gov-desantis-says-donald-trumps-right-to-vote-is-safe-in-florida_977f5c,2024-06-01
474,https://ground.news/article/the-biden-administration-says-israel-hasnt-crossed-a-red-line-on-rafah-this-could-be-why_016b6f,2024-06-01
475,https://ground.news/article/g7-eu-want-to-target-banks-helping-russia-evade-sanctions-bloomberg-reports_3f45e9,2024-06-01
476,https://ground.news/article/voters-in-iceland-are-picking-the-new-president-of-the-rugged-island-near-the-arctic-circle_48c56d,2024-06-01
477,https://ground.news/article/german-court-orders-man-born-in-afghanistan-held-after-knife-attack-at-an-anti-political-islam-event_8938f3,2024-06-01
478,https://ground.news/article/kimmich-slams-racist-survey-that-says-1-in-5-germans-want-more-white-players-in-the-national-team_173935,2024-06-01
479,https://ground.news/article/kimmich-slams-racist-survey-that-says-1-in-5-germans-want-more-white-players-in-the-national-team_173935,2024-06-01
480,https://ground.news/article/orban-stages-a-peace-march-in-hungary-in-a-show-of-strength-before-european-parliament-election_71e783,2024-06-01
481,https://ground.news/article/electric-spoon-that-enhances-salty-taste-of-food-and-promotes-healthier-eating-launched-in-japan_d1de2e,2024-06-01
482,https://ground.news/article/venice-bans-loudspeakers-and-limits-tour-groups-in-latest-mass-tourism-crackdown,2024-06-01
483,https://ground.news/article/georgian-opposition-party-reports-attack-on-tbilisi-offices_b6b880,2024-06-01
484,https://ground.news/article/orban-stages-a-peace-march-in-hungary-in-a-show-of-strength-before-european-parliament-election_71e783,2024-06-01
485,https://ground.news/article/electric-spoon-that-enhances-salty-taste-of-food-and-promotes-healthier-eating-launched-in-japan_d1de2e,2024-06-01
486,https://ground.news/article/venice-bans-loudspeakers-and-limits-tour-groups-in-latest-mass-tourism-crackdown,2024-06-01
487,https://ground.news/article/georgian-opposition-party-reports-attack-on-tbilisi-offices_b6b880,2024-06-01
488,https://ground.news/article/a-climate-activist-in-paris-stuck-a-protest-poster-on-monets-poppy-field_e7c433,2024-06-01
489,https://ground.news/article/georgian-opposition-party-reports-attack-on-tbilisi-offices_b6b880,2024-06-01
490,https://ground.news/article/a-climate-activist-in-paris-stuck-a-protest-poster-on-monets-poppy-field_e7c433,2024-06-01
491,https://ground.news/article/is-intermittent-fasting-better-than-counting-calories-maybe-not-but-you-might-stick-with-it_283644,2024-06-01
492,https://ground.news/article/zelenskyy-arrives-in-singapore-for-shangri-la-security-conference_492f8b,2024-06-01
493,https://ground.news/article/european-vote-could-tip-the-balance-on-melonis-far-right-agenda-in-italy_8dc406,2024-06-01
494,https://ground.news/article/a-climate-activist-in-paris-stuck-a-protest-poster-on-monets-poppy-field_e7c433,2024-06-01
495,https://ground.news/article/is-intermittent-fasting-better-than-counting-calories-maybe-not-but-you-might-stick-with-it_283644,2024-06-01
496,https://ground.news/article/zelenskyy-arrives-in-singapore-for-shangri-la-security-conference_492f8b,2024-06-01
497,https://ground.news/article/european-vote-could-tip-the-balance-on-melonis-far-right-agenda-in-italy_8dc406,2024-06-01
498,https://ground.news/article/scientists-develop-method-of-making-healthier-more-sustainable-chocolate_9060e4,2024-06-01
499,https://ground.news/article/is-intermittent-fasting-better-than-counting-calories-maybe-not-but-you-might-stick-with-it_283644,2024-06-01
500,https://ground.news/article/zelenskyy-arrives-in-singapore-for-shangri-la-security-conference_492f8b,2024-06-01
501,https://ground.news/article/european-vote-could-tip-the-balance-on-melonis-far-right-agenda-in-italy_8dc406,2024-06-01
502,https://ground.news/article/scientists-develop-method-of-making-healthier-more-sustainable-chocolate_9060e4,2024-06-01
503,https://ground.news/article/scientists-develop-method-of-making-healthier-more-sustainable-chocolate_9060e4,2024-06-01
504,https://ground.news/article/spit-test-for-prostate-cancer-could-save-thousands-of-lives-researchers-say_a92f60,2024-06-01
505,https://ground.news/article/russian-air-attack-damages-ukrainian-energy-infrastructure-in-5-regions_e659ff,2024-06-01
506,https://ground.news/article/abba-receive-prestigious-swedish-knighthood_557822,2024-06-01
507,https://ground.news/article/irish-postmistresss-weather-report-that-helped-allied-forces-avert-disaster-on-d-day,2024-06-01
508,https://ground.news/article/scottish-government-facing-no-confidence-motion-today_ef3237,2024-05-01
509,https://ground.news/article/harvey-weinstein-faces-new-york-retrial-after-2020-rape-conviction-overturned_56e66c,2024-05-01
510,https://ground.news/article/fed-keeps-rates-steady-as-it-notes-lack-of-further-progress-on-inflation_7dec6b,2024-05-01
511,https://ground.news/article/uk-begins-detaining-migrants-set-to-be-deported-to-rwanda_ba2afd,2024-05-01
512,https://ground.news/article/more-than-300-arrested-at-columbia-and-city-college-protests-mayor-says_41aea6,2024-05-01
513,https://ground.news/article/283720de-8779-484b-980d-ec4268546b39,2024-05-01
514,https://ground.news/article/anger-can-harm-your-blood-vessel-function-study-shows_0e8b16,2024-05-01
515,https://ground.news/article/anger-can-harm-your-blood-vessel-function-study-shows_0e8b16,2024-05-01
516,https://ground.news/article/georgian-lawmakers-tussle-in-parliament-after-crackdown-on-foreign-agent-protesters_798f1a,2024-05-01
517,https://ground.news/article/russia-breached-global-chemical-weapons-ban-in-ukraine-war-us-says_4ec27f,2024-05-01
518,https://ground.news/article/near-earth-asteroid-traced-to-huge-crater-on-moon,2024-05-01
519,https://ground.news/article/12-of-lgbtq-youth-attempted-suicide-last-year-nationwide-survey-says_896298,2024-05-01
520,https://ground.news/article/google-outage-impacting-users-worldwide-reports,2024-05-01
521,https://ground.news/article/30-people-are-injured-when-a-trailer-overturns-in-southwestern-germany_6b463c,2024-05-01
522,https://ground.news/article/dozens-arrested-in-georgia-during-a-protest-against-a-law-inspired-by-russia_cf6297,2024-05-01
523,https://ground.news/article/perimenopausal-women-have-40-higher-risk-of-depression-study-suggests_dbfd4d,2024-05-01
524,https://ground.news/article/scottish-government-facing-no-confidence-motion-today_ef3237,2024-05-01
525,https://ground.news/article/harvey-weinstein-faces-new-york-retrial-after-2020-rape-conviction-overturned_56e66c,2024-05-01
526,https://ground.news/article/fed-keeps-rates-steady-as-it-notes-lack-of-further-progress-on-inflation_7dec6b,2024-05-01
527,https://ground.news/article/uk-begins-detaining-migrants-set-to-be-deported-to-rwanda_ba2afd,2024-05-01
528,https://ground.news/article/more-than-300-arrested-at-columbia-and-city-college-protests-mayor-says_41aea6,2024-05-01
529,https://ground.news/article/immigration-ranks-as-top-issue-for-americans-for-longest-consecutive-monthly-stretch-in-past-24-years-poll_f2ef48,2024-05-01
530,https://ground.news/article/26-republican-attorneys-general-sue-to-block-biden-rule-requiring-background-checks-at-gun-shows_8395c1,2024-05-01
531,https://ground.news/article/russia-breached-global-chemical-weapons-ban-in-ukraine-war-us-says_4ec27f,2024-05-01
532,https://ground.news/article/near-earth-asteroid-traced-to-huge-crater-on-moon,2024-05-01
533,https://ground.news/article/12-of-lgbtq-youth-attempted-suicide-last-year-nationwide-survey-says_896298,2024-05-01
534,https://ground.news/article/google-outage-impacting-users-worldwide-reports,2024-05-01
535,https://ground.news/article/google-outage-impacting-users-worldwide-reports,2024-05-01
536,https://ground.news/article/30-people-are-injured-when-a-trailer-overturns-in-southwestern-germany_6b463c,2024-05-01
537,https://ground.news/article/dozens-arrested-in-georgia-during-a-protest-against-a-law-inspired-by-russia_cf6297,2024-05-01
538,https://ground.news/article/perimenopausal-women-have-40-higher-risk-of-depression-study-suggests_dbfd4d,2024-05-01
539,https://ground.news/article/greece-boosts-special-firefighting-units-to-cope-with-its-growing-heat-risk_e20905,2024-05-01
540,https://ground.news/article/30-people-are-injured-when-a-trailer-overturns-in-southwestern-germany_6b463c,2024-05-01
541,https://ground.news/article/dozens-arrested-in-georgia-during-a-protest-against-a-law-inspired-by-russia_cf6297,2024-05-01
542,https://ground.news/article/perimenopausal-women-have-40-higher-risk-of-depression-study-suggests_dbfd4d,2024-05-01
543,https://ground.news/article/greece-boosts-special-firefighting-units-to-cope-with-its-growing-heat-risk_e20905,2024-05-01
544,https://ground.news/article/warsaw-synagogue-attacked-with-three-firebombs-in-the-night-but-no-one-is-hurt_7c9ba1,2024-05-01
545,https://ground.news/article/greece-boosts-special-firefighting-units-to-cope-with-its-growing-heat-risk_e20905,2024-05-01
546,https://ground.news/article/warsaw-synagogue-attacked-with-three-firebombs-in-the-night-but-no-one-is-hurt_7c9ba1,2024-05-01
547,https://ground.news/article/bitcoin-jesus-arrested-in-spain-on-us-tax-evasion-charges_c0d0b8,2024-05-01
548,https://ground.news/article/us-senate-approves-bill-to-ban-russian-uranium-imports_9aa5b8,2024-05-01
549,https://ground.news/article/south-korea-considers-joining-alliance-for-sharing-military-technology-with-australia-us-and-uk_9492e2,2024-05-01
550,https://ground.news/article/warsaw-synagogue-attacked-with-three-firebombs-in-the-night-but-no-one-is-hurt_7c9ba1,2024-05-01
551,https://ground.news/article/bitcoin-jesus-arrested-in-spain-on-us-tax-evasion-charges_c0d0b8,2024-05-01
552,https://ground.news/article/us-senate-approves-bill-to-ban-russian-uranium-imports_9aa5b8,2024-05-01
553,https://ground.news/article/south-korea-considers-joining-alliance-for-sharing-military-technology-with-australia-us-and-uk_9492e2,2024-05-01
554,https://ground.news/article/kremlin-parades-western-equipment-captured-from-ukrainian-army-at-moscow-exhibition_2db0ea,2024-05-01
555,https://ground.news/article/bitcoin-jesus-arrested-in-spain-on-us-tax-evasion-charges_c0d0b8,2024-05-01
556,https://ground.news/article/us-senate-approves-bill-to-ban-russian-uranium-imports_9aa5b8,2024-05-01
557,https://ground.news/article/south-korea-considers-joining-alliance-for-sharing-military-technology-with-australia-us-and-uk_9492e2,2024-05-01
558,https://ground.news/article/kremlin-parades-western-equipment-captured-from-ukrainian-army-at-moscow-exhibition_2db0ea,2024-05-01
559,https://ground.news/article/kremlin-parades-western-equipment-captured-from-ukrainian-army-at-moscow-exhibition_2db0ea,2024-05-01
560,https://ground.news/article/drone-footage-shows-devastation-in-chasiv-yar-an-eastern-ukrainian-city-russia-is-assaulting_7ace48,2024-05-01
561,https://ground.news/article/workers-and-activists-across-asia-hold-may-day-rallies-to-call-for-greater-labor-rights_188f48,2024-05-01
562,https://ground.news/article/clashes-break-out-at-ucla-between-pro-palestinian-and-pro-israeli-protesters_10d09d,2024-05-01
563,https://ground.news/article/healthy-lifestyle-at-40-adds-5-years-to-life-offsets-genetic-risk-study,2024-05-01
564,https://ground.news/article/israel-approves-bill-to-allow-al-jazeera-broadcast-ban-amid-hamas-war_936588,2024-04-01
565,https://ground.news/article/israeli-airstrike-on-iran-consulate-in-syria-kills-six-reportedly-including-irgc-commander_2560d4,2024-04-01
566,https://ground.news/article/google-will-delete-billions-of-browsing-records-to-settle-privacy-lawsuit-court-filing,2024-04-01
567,https://ground.news/article/germany-becomes-the-biggest-eu-country-to-legalise-recreational-cannabis_0fcf5e,2024-04-01
568,https://ground.news/article/havana-syndrome-report-links-mystery-illness-to-russian-intelligence-unit_21f8b1,2024-04-01
569,https://ground.news/article/001af52b-04cf-4f4d-9224-867cc420f510,2024-04-01
570,https://ground.news/article/artificial-sun-sets-record-for-time-at-100-million-degrees-in-latest-advance-for-nuclear-fusion,2024-04-01
571,https://ground.news/article/artificial-sun-sets-record-for-time-at-100-million-degrees-in-latest-advance-for-nuclear-fusion,2024-04-01
572,https://ground.news/article/three-killed-in-avalanche-near-swiss-resort-of-zermatt_126c71,2024-04-01
573,https://ground.news/article/shakira-says-she-and-her-sons-found-barbie-to-be-emasculating,2024-04-01
574,https://ground.news/article/adidas-to-block-number-44-from-germany-kits-over-semblance-to-nazi-ss-symbol,2024-04-01
575,https://ground.news/article/greek-coast-guard-rescues-74-migrants-in-boat-on-mediterranean-sea,2024-04-01
576,https://ground.news/article/exclusiva-hackers-robaron-base-de-datos-de-presos-rusos-para-vengar-la-muerte-de-navalny_def2e2,2024-04-01
577,https://ground.news/article/a-woman-in-poland-is-crushed-to-death-when-strong-winds-topple-trees_6b577e,2024-04-01
578,https://ground.news/article/russia-extends-detention-of-rfe-rl-journalist-alsu-kurmasheva,2024-04-01
579,https://ground.news/article/russian-security-agency-says-suspects-detained-in-the-caucasus-are-linked-to-moscow-attack_eff02a,2024-04-01
580,https://ground.news/article/israel-approves-bill-to-allow-al-jazeera-broadcast-ban-amid-hamas-war_936588,2024-04-01
581,https://ground.news/article/israeli-airstrike-on-iran-consulate-in-syria-kills-six-reportedly-including-irgc-commander_2560d4,2024-04-01
582,https://ground.news/article/google-will-delete-billions-of-browsing-records-to-settle-privacy-lawsuit-court-filing,2024-04-01
583,https://ground.news/article/germany-becomes-the-biggest-eu-country-to-legalise-recreational-cannabis_0fcf5e,2024-04-01
584,https://ground.news/article/havana-syndrome-report-links-mystery-illness-to-russian-intelligence-unit_21f8b1,2024-04-01
585,https://ground.news/article/i-didnt-do-that-biden-responds-to-criticism-for-proclaiming-easter-sunday-transgender-visibility-day,2024-04-01
586,https://ground.news/article/trump-allies-plot-protections-for-white-people_51852d,2024-04-01
587,https://ground.news/article/shakira-says-she-and-her-sons-found-barbie-to-be-emasculating,2024-04-01
588,https://ground.news/article/adidas-to-block-number-44-from-germany-kits-over-semblance-to-nazi-ss-symbol,2024-04-01
589,https://ground.news/article/greek-coast-guard-rescues-74-migrants-in-boat-on-mediterranean-sea,2024-04-01
590,https://ground.news/article/exclusiva-hackers-robaron-base-de-datos-de-presos-rusos-para-vengar-la-muerte-de-navalny_def2e2,2024-04-01
591,https://ground.news/article/exclusiva-hackers-robaron-base-de-datos-de-presos-rusos-para-vengar-la-muerte-de-navalny_def2e2,2024-04-01
592,https://ground.news/article/a-woman-in-poland-is-crushed-to-death-when-strong-winds-topple-trees_6b577e,2024-04-01
593,https://ground.news/article/russia-extends-detention-of-rfe-rl-journalist-alsu-kurmasheva,2024-04-01
594,https://ground.news/article/russian-security-agency-says-suspects-detained-in-the-caucasus-are-linked-to-moscow-attack_eff02a,2024-04-01
595,https://ground.news/article/russia-ends-efforts-to-rescue-gold-miners-trapped-for-two-weeks_a462ac,2024-04-01
596,https://ground.news/article/a-woman-in-poland-is-crushed-to-death-when-strong-winds-topple-trees_6b577e,2024-04-01
597,https://ground.news/article/russia-extends-detention-of-rfe-rl-journalist-alsu-kurmasheva,2024-04-01
598,https://ground.news/article/russian-security-agency-says-suspects-detained-in-the-caucasus-are-linked-to-moscow-attack_eff02a,2024-04-01
599,https://ground.news/article/russia-ends-efforts-to-rescue-gold-miners-trapped-for-two-weeks_a462ac,2024-04-01
600,https://ground.news/article/microsoft-to-separate-teams-and-office-globally-amid-antitrust-scrutiny_c6e1e2,2024-04-01
601,https://ground.news/article/russia-ends-efforts-to-rescue-gold-miners-trapped-for-two-weeks_a462ac,2024-04-01
602,https://ground.news/article/microsoft-to-separate-teams-and-office-globally-amid-antitrust-scrutiny_c6e1e2,2024-04-01
603,https://ground.news/article/france-presses-china-on-trade-and-ukraine-ahead-of-upcoming-xi-jinping-visit_6c87b3,2024-04-01
604,https://ground.news/article/iran-alerted-russia-before-moscow-attack-sources-say_87eef0,2024-04-01
605,https://ground.news/article/xiaomi-electric-car-buyers-told-they-face-six-month-wait_d3bfa5,2024-04-01
606,https://ground.news/article/microsoft-to-separate-teams-and-office-globally-amid-antitrust-scrutiny_c6e1e2,2024-04-01
607,https://ground.news/article/france-presses-china-on-trade-and-ukraine-ahead-of-upcoming-xi-jinping-visit_6c87b3,2024-04-01
608,https://ground.news/article/iran-alerted-russia-before-moscow-attack-sources-say_87eef0,2024-04-01
609,https://ground.news/article/xiaomi-electric-car-buyers-told-they-face-six-month-wait_d3bfa5,2024-04-01
610,https://ground.news/article/barrage-of-russian-attacks-aims-to-cut-ukraines-lights_b89769,2024-04-01
611,https://ground.news/article/france-presses-china-on-trade-and-ukraine-ahead-of-upcoming-xi-jinping-visit_6c87b3,2024-04-01
612,https://ground.news/article/iran-alerted-russia-before-moscow-attack-sources-say_87eef0,2024-04-01
613,https://ground.news/article/xiaomi-electric-car-buyers-told-they-face-six-month-wait_d3bfa5,2024-04-01
614,https://ground.news/article/barrage-of-russian-attacks-aims-to-cut-ukraines-lights_b89769,2024-04-01
615,https://ground.news/article/barrage-of-russian-attacks-aims-to-cut-ukraines-lights_b89769,2024-04-01
616,https://ground.news/article/bodies-corridor-where-russia-and-ukraine-meet-to-swap-their-dead_69be35,2024-04-01
617,https://ground.news/article/ca932971-a153-4d14-a674-e28f3f5c5a7e,2024-04-01
618,https://ground.news/article/in-setback-to-turkiyes-erdogan-opposition-makes-huge-gains-in-local-election_281e23,2024-04-01
619,https://ground.news/article/russia-conducts-counter-terrorism-operation-in-southern-dagestan_8bd1e5,2024-04-01
620,https://ground.news/article/biden-to-announce-airdrops-of-humanitarian-assistance-into-gaza-sources-say,2024-03-01
621,https://ground.news/article/kenya-and-haiti-sign-agreements-to-try-and-salvage-plan-to-deploy-kenyan-police-to-battle-gangs,2024-03-01
622,https://ground.news/article/20fa8437-9dae-4d49-88dd-6410cb8205ea,2024-03-01
623,https://ground.news/article/navalnys-family-is-laying-the-opposition-leader-to-rest-after-his-death-in-prison_d51992,2024-03-01
624,https://ground.news/article/number-of-obese-people-worldwide-surpasses-one-billion_8495d3,2024-03-01
625,https://ground.news/article/aa1b6ab2-5cdd-4092-a919-5a3a5e68a689,2024-03-01
626,https://ground.news/article/60dd353d-843d-4b0c-ba5e-d9e812d999a3,2024-03-01
627,https://ground.news/article/60dd353d-843d-4b0c-ba5e-d9e812d999a3,2024-03-01
628,https://ground.news/article/real-life-superheroes-fly-in-the-worlds-first-jet-suit-race_6cc573,2024-03-01
629,https://ground.news/article/scandinavian-airlines-medevac-plane-lands-in-malaysian-island-where-norwegian-king-is-hospitalized_280a17,2024-03-01
630,https://ground.news/article/south-koreas-yoon-slams-truly-deplorable-north-korean-remarks-calls-for-unification,2024-03-01
631,https://ground.news/article/somali-military-court-sentences-six-moroccans-to-death-for-terrorism_df4797,2024-03-01
632,https://ground.news/article/deadly-mining-protests-in-liberia-kill-1-and-injure-many-official-says_d366d0,2024-03-01
633,https://ground.news/article/us-man-extends-record-for-most-big-macs-eaten-in-a-lifetime-to-over-34-000_de0853,2024-03-01
634,https://ground.news/article/india-explosion-rocks-cafe-in-bengaluru-injuries-reported_5cde19,2024-03-01
635,https://ground.news/article/un-investigates-israels-claim-that-unrwa-staffs-took-part-in-oct7_0a3337,2024-03-01
636,https://ground.news/article/biden-to-announce-airdrops-of-humanitarian-assistance-into-gaza-sources-say,2024-03-01
637,https://ground.news/article/kenya-and-haiti-sign-agreements-to-try-and-salvage-plan-to-deploy-kenyan-police-to-battle-gangs,2024-03-01
638,https://ground.news/article/20fa8437-9dae-4d49-88dd-6410cb8205ea,2024-03-01
639,https://ground.news/article/navalnys-family-is-laying-the-opposition-leader-to-rest-after-his-death-in-prison_d51992,2024-03-01
640,https://ground.news/article/number-of-obese-people-worldwide-surpasses-one-billion_8495d3,2024-03-01
641,https://ground.news/article/obamas-cia-asked-foreign-intel-agencies-to-spy-on-trump_3efed5,2024-03-01
642,https://ground.news/article/michelle-troconis-found-guilty-in-death-of-jennifer-dulos-connecticut-mom-who-disappeared-in-2019_0d37a0,2024-03-01
643,https://ground.news/article/scandinavian-airlines-medevac-plane-lands-in-malaysian-island-where-norwegian-king-is-hospitalized_280a17,2024-03-01
644,https://ground.news/article/south-koreas-yoon-slams-truly-deplorable-north-korean-remarks-calls-for-unification,2024-03-01
645,https://ground.news/article/somali-military-court-sentences-six-moroccans-to-death-for-terrorism_df4797,2024-03-01
646,https://ground.news/article/deadly-mining-protests-in-liberia-kill-1-and-injure-many-official-says_d366d0,2024-03-01
647,https://ground.news/article/deadly-mining-protests-in-liberia-kill-1-and-injure-many-official-says_d366d0,2024-03-01
648,https://ground.news/article/us-man-extends-record-for-most-big-macs-eaten-in-a-lifetime-to-over-34-000_de0853,2024-03-01
649,https://ground.news/article/india-explosion-rocks-cafe-in-bengaluru-injuries-reported_5cde19,2024-03-01
650,https://ground.news/article/un-investigates-israels-claim-that-unrwa-staffs-took-part-in-oct7_0a3337,2024-03-01
651,https://ground.news/article/tuvalus-new-premier-says-democracy-and-loyalty-are-reasons-for-preferring-taiwan-over-beijing,2024-03-01
652,https://ground.news/article/us-man-extends-record-for-most-big-macs-eaten-in-a-lifetime-to-over-34-000_de0853,2024-03-01
653,https://ground.news/article/india-explosion-rocks-cafe-in-bengaluru-injuries-reported_5cde19,2024-03-01
654,https://ground.news/article/un-investigates-israels-claim-that-unrwa-staffs-took-part-in-oct7_0a3337,2024-03-01
655,https://ground.news/article/tuvalus-new-premier-says-democracy-and-loyalty-are-reasons-for-preferring-taiwan-over-beijing,2024-03-01
656,https://ground.news/article/eu-holds-back-part-of-unrwa-payment-but-boosts-palestinian-aid_f324bc,2024-03-01
657,https://ground.news/article/tuvalus-new-premier-says-democracy-and-loyalty-are-reasons-for-preferring-taiwan-over-beijing,2024-03-01
658,https://ground.news/article/eu-holds-back-part-of-unrwa-payment-but-boosts-palestinian-aid_f324bc,2024-03-01
659,https://ground.news/article/gunfire-paralyzes-haiti-as-powerful-gang-leader-says-he-will-try-to-detain-police-chief-ministers,2024-03-01
660,https://ground.news/article/new-zealand-tour-operators-told-to-pay-78-million-in-fines-and-reparations-over-volcanic-eruption_463ebd,2024-03-01
661,https://ground.news/article/indias-richest-man-is-bringing-rihanna-and-1-200-guests-to-a-pre-wedding-bash-for-his-son_ed52f3,2024-03-01
662,https://ground.news/article/eu-holds-back-part-of-unrwa-payment-but-boosts-palestinian-aid_f324bc,2024-03-01
663,https://ground.news/article/gunfire-paralyzes-haiti-as-powerful-gang-leader-says-he-will-try-to-detain-police-chief-ministers,2024-03-01
664,https://ground.news/article/new-zealand-tour-operators-told-to-pay-78-million-in-fines-and-reparations-over-volcanic-eruption_463ebd,2024-03-01
665,https://ground.news/article/indias-richest-man-is-bringing-rihanna-and-1-200-guests-to-a-pre-wedding-bash-for-his-son_ed52f3,2024-03-01
666,https://ground.news/article/iran-begins-voting-in-first-parliament-election-since-2022-protests-as-questions-over-turnout-loom_087e2e,2024-03-01
667,https://ground.news/article/gunfire-paralyzes-haiti-as-powerful-gang-leader-says-he-will-try-to-detain-police-chief-ministers,2024-03-01
668,https://ground.news/article/new-zealand-tour-operators-told-to-pay-78-million-in-fines-and-reparations-over-volcanic-eruption_463ebd,2024-03-01
669,https://ground.news/article/indias-richest-man-is-bringing-rihanna-and-1-200-guests-to-a-pre-wedding-bash-for-his-son_ed52f3,2024-03-01
670,https://ground.news/article/iran-begins-voting-in-first-parliament-election-since-2022-protests-as-questions-over-turnout-loom_087e2e,2024-03-01
671,https://ground.news/article/iran-begins-voting-in-first-parliament-election-since-2022-protests-as-questions-over-turnout-loom_087e2e,2024-03-01
672,https://ground.news/article/indias-economy-grows-at-its-fastest-pace-in-six-quarters-in-election-boost-for-modi_a5b87c,2024-03-01
673,https://ground.news/article/meta-ending-facebook-news-tab-in-us-australia,2024-03-01
674,https://ground.news/article/global-freedom-recedes-for-18th-year-watchdog,2024-03-01
675,https://ground.news/article/google-hit-with-23-bln-lawsuit-by-axel-springer-other-media-groups,2024-03-01
676,https://ground.news/article/biden-issues-order-targeting-israeli-settler-violence-in-west-bank_e7b3f1,2024-02-01
677,https://ground.news/article/global-cancer-cases-to-rise-by-more-than-75-by-2050-who-predicts_7aea8b,2024-02-01
678,https://ground.news/article/defense-secretary-lloyd-austin-apologizes-for-handling-of-cancer-diagnosis-i-should-have-told-the-president_e66b59,2024-02-01
679,https://ground.news/article/us-approves-plan-to-strike-iranian-targets-in-syria-and-iraq-officials-say_dc70a5,2024-02-01
680,https://ground.news/article/deutsche-bank-will-cut-3-500-jobs-even-as-it-records-45-billion-profit-last-year,2024-02-01
681,https://ground.news/article/gunmen-take-hostages-at-us-companys-turkish-factory-in-apparent-protest-of-gaza-war_9058b0,2024-02-01
682,https://ground.news/article/ukraine-says-it-sank-russian-warship-off-coast-of-crimea-and-unleashed-massive-missile-barrage-on-peninsula_d977f9,2024-02-01
683,https://ground.news/article/ukraine-says-it-sank-russian-warship-off-coast-of-crimea-and-unleashed-massive-missile-barrage-on-peninsula_d977f9,2024-02-01
684,https://ground.news/article/new-wave-reactor-technology-could-kick-start-a-nuclear-renaissance-and-the-us-is-banking-on-it,2024-02-01
685,https://ground.news/article/schumer-senate-to-vote-on-ukraine-border-security-package-next-week_350182,2024-02-01
686,https://ground.news/article/e5218739-6f59-4a4d-b1b5-6acda1202e86,2024-02-01
687,https://ground.news/article/apple-revenue-grows-for-the-first-time-in-a-year-but-china-shows-weakness_aea8c3,2024-02-01
688,https://ground.news/article/facebook-parent-meta-declares-first-dividend-shares-jump-12_978369,2024-02-01
689,https://ground.news/article/amazon-reports-quarterly-revenue-above-estimates,2024-02-01
690,https://ground.news/article/ex-boeing-manager-would-absolutely-not-fly-737-max-after-cabin-panel-blowout,2024-02-01
691,https://ground.news/article/skyscraper-sized-asteroid-to-pass-within-17m-miles-of-earth-on-friday_d1d09f,2024-02-01
692,https://ground.news/article/biden-issues-order-targeting-israeli-settler-violence-in-west-bank_e7b3f1,2024-02-01
693,https://ground.news/article/global-cancer-cases-to-rise-by-more-than-75-by-2050-who-predicts_7aea8b,2024-02-01
694,https://ground.news/article/defense-secretary-lloyd-austin-apologizes-for-handling-of-cancer-diagnosis-i-should-have-told-the-president_e66b59,2024-02-01
695,https://ground.news/article/us-approves-plan-to-strike-iranian-targets-in-syria-and-iraq-officials-say_dc70a5,2024-02-01
696,https://ground.news/article/deutsche-bank-will-cut-3-500-jobs-even-as-it-records-45-billion-profit-last-year,2024-02-01
697,https://ground.news/article/59-democrats-vote-with-republicans-passing-bill-to-deport-illegal-immigrants-who-committed-duis_d7cabc,2024-02-01
698,https://ground.news/article/half-of-us-adults-say-israel-has-gone-too-far-in-war-in-gaza-ap-norc-poll-shows,2024-02-01
699,https://ground.news/article/schumer-senate-to-vote-on-ukraine-border-security-package-next-week_350182,2024-02-01
700,https://ground.news/article/e5218739-6f59-4a4d-b1b5-6acda1202e86,2024-02-01
701,https://ground.news/article/apple-revenue-grows-for-the-first-time-in-a-year-but-china-shows-weakness_aea8c3,2024-02-01
702,https://ground.news/article/facebook-parent-meta-declares-first-dividend-shares-jump-12_978369,2024-02-01
703,https://ground.news/article/facebook-parent-meta-declares-first-dividend-shares-jump-12_978369,2024-02-01
704,https://ground.news/article/amazon-reports-quarterly-revenue-above-estimates,2024-02-01
705,https://ground.news/article/ex-boeing-manager-would-absolutely-not-fly-737-max-after-cabin-panel-blowout,2024-02-01
706,https://ground.news/article/skyscraper-sized-asteroid-to-pass-within-17m-miles-of-earth-on-friday_d1d09f,2024-02-01
707,https://ground.news/article/small-long-nosed-dog-breeds-live-longer-study-reveals_c0d112,2024-02-01
708,https://ground.news/article/amazon-reports-quarterly-revenue-above-estimates,2024-02-01
709,https://ground.news/article/ex-boeing-manager-would-absolutely-not-fly-737-max-after-cabin-panel-blowout,2024-02-01
710,https://ground.news/article/skyscraper-sized-asteroid-to-pass-within-17m-miles-of-earth-on-friday_d1d09f,2024-02-01
711,https://ground.news/article/small-long-nosed-dog-breeds-live-longer-study-reveals_c0d112,2024-02-01
712,https://ground.news/article/spanish-region-cuts-water-use-amid-record-drought_dd70a5,2024-02-01
713,https://ground.news/article/small-long-nosed-dog-breeds-live-longer-study-reveals_c0d112,2024-02-01
714,https://ground.news/article/spanish-region-cuts-water-use-amid-record-drought_dd70a5,2024-02-01
715,https://ground.news/article/kremlin-foe-navalny-urges-election-day-protests-in-russia-next-month-by-voting-at-a-specific-hour_7b42e2,2024-02-01
716,https://ground.news/article/moon-is-actively-shrinking-and-crumbling-scientists-say_e9363f,2024-02-01
717,https://ground.news/article/russia-says-it-has-evidence-us-patriot-missiles-downed-its-military-transport-plane_2269d3,2024-02-01
718,https://ground.news/article/spanish-region-cuts-water-use-amid-record-drought_dd70a5,2024-02-01
719,https://ground.news/article/kremlin-foe-navalny-urges-election-day-protests-in-russia-next-month-by-voting-at-a-specific-hour_7b42e2,2024-02-01
720,https://ground.news/article/moon-is-actively-shrinking-and-crumbling-scientists-say_e9363f,2024-02-01
721,https://ground.news/article/russia-says-it-has-evidence-us-patriot-missiles-downed-its-military-transport-plane_2269d3,2024-02-01
722,https://ground.news/article/frances-2-key-farmers-unions-suspend-protest-and-decide-to-lift-road-blocks_aa7404,2024-02-01
723,https://ground.news/article/kremlin-foe-navalny-urges-election-day-protests-in-russia-next-month-by-voting-at-a-specific-hour_7b42e2,2024-02-01
724,https://ground.news/article/moon-is-actively-shrinking-and-crumbling-scientists-say_e9363f,2024-02-01
725,https://ground.news/article/russia-says-it-has-evidence-us-patriot-missiles-downed-its-military-transport-plane_2269d3,2024-02-01
726,https://ground.news/article/frances-2-key-farmers-unions-suspend-protest-and-decide-to-lift-road-blocks_aa7404,2024-02-01
727,https://ground.news/article/frances-2-key-farmers-unions-suspend-protest-and-decide-to-lift-road-blocks_aa7404,2024-02-01
728,https://ground.news/article/long-arm-of-the-claw-police-rescue-queensland-toddler-stuck-in-hello-kitty-prize-machine_5fc0a6,2024-02-01
729,https://ground.news/article/indian-police-clear-a-suspected-chinese-spy-pigeon-after-8-months-in-bird-lockup_c1560e,2024-02-01
730,https://ground.news/article/greta-thunberg-goes-on-trial-over-london-oil-industry-protests_7dae8c,2024-02-01
731,https://ground.news/article/deal-on-wartime-aid-and-border-security-stalls-in-congress-as-time-runs-short-to-bolster-ukraine,2024-02-01
732,https://ground.news/article/dfc117b2-9994-4536-bf74-bfabbd3d4bbc,2024-01-01
733,https://ground.news/article/justice-department-sues-texas-over-law-that-would-let-police-arrest-migrants-who-enter-us-illegally_ba0563,2024-01-01
734,https://ground.news/article/trump-appeals-colorado-ballot-ban-to-supreme-court_4a5e65,2024-01-01
735,https://ground.news/article/us-allies-give-houthis-ultimatum-stop-ship-attacks-or-face-consequences,2024-01-01
736,https://ground.news/article/scientists-hail-new-antibiotic-that-can-kill-drug-resistant-bacteria_59d66f,2024-01-01
737,https://ground.news/article/president-bill-clinton-likes-them-young-claims-newly-released-epstein-document,2024-01-01
738,https://ground.news/article/epstein-accuser-says-prince-andrew-groped-her-documents-show_b9c282,2024-01-01
739,https://ground.news/article/epstein-accuser-says-prince-andrew-groped-her-documents-show_b9c282,2024-01-01
740,https://ground.news/article/new-study-helps-explain-darwinian-paradox-of-same-sex-attraction_c98f46,2024-01-01
741,https://ground.news/article/trumps-lawyer-alina-habba-reveals-hes-scared-about-the-supreme-court,2024-01-01
742,https://ground.news/article/chatgpt-incorrectly-diagnosed-more-than-8-in-10-pediatric-case-studies-research-finds_9602ad,2024-01-01
743,https://ground.news/article/mother-and-uncle-of-a-us-serviceman-are-rescued-from-gaza-in-a-secret-operation,2024-01-01
744,https://ground.news/article/us-says-no-damage-reported-after-latest-houthi-attack-in-red-sea_1deed7,2024-01-01
745,https://ground.news/article/un-human-rights-agency-decries-alabamas-use-of-nitrogen-hypoxia-in-execution,2024-01-01
746,https://ground.news/article/vivek-ramaswamy-goes-off-on-wapo-reporter-over-issue-of-white-supremacy,2024-01-01
747,https://ground.news/article/dfc117b2-9994-4536-bf74-bfabbd3d4bbc,2024-01-01
748,https://ground.news/article/justice-department-sues-texas-over-law-that-would-let-police-arrest-migrants-who-enter-us-illegally_ba0563,2024-01-01
749,https://ground.news/article/trump-appeals-colorado-ballot-ban-to-supreme-court_4a5e65,2024-01-01
750,https://ground.news/article/us-allies-give-houthis-ultimatum-stop-ship-attacks-or-face-consequences,2024-01-01
751,https://ground.news/article/scientists-hail-new-antibiotic-that-can-kill-drug-resistant-bacteria_59d66f,2024-01-01
752,https://ground.news/article/haley-briefly-surpasses-desantis-in-national-gop-polling-average,2024-01-01
753,https://ground.news/article/democratic-gov-andy-beshear-calls-for-unity-in-gop-leaning-kentucky-to-uplift-economy-education_e9210c,2024-01-01
754,https://ground.news/article/trumps-lawyer-alina-habba-reveals-hes-scared-about-the-supreme-court,2024-01-01
755,https://ground.news/article/chatgpt-incorrectly-diagnosed-more-than-8-in-10-pediatric-case-studies-research-finds_9602ad,2024-01-01
756,https://ground.news/article/mother-and-uncle-of-a-us-serviceman-are-rescued-from-gaza-in-a-secret-operation,2024-01-01
757,https://ground.news/article/us-says-no-damage-reported-after-latest-houthi-attack-in-red-sea_1deed7,2024-01-01
758,https://ground.news/article/us-says-no-damage-reported-after-latest-houthi-attack-in-red-sea_1deed7,2024-01-01
759,https://ground.news/article/un-human-rights-agency-decries-alabamas-use-of-nitrogen-hypoxia-in-execution,2024-01-01
760,https://ground.news/article/vivek-ramaswamy-goes-off-on-wapo-reporter-over-issue-of-white-supremacy,2024-01-01
761,https://ground.news/article/judge-attacked-in-las-vegas-courtroom-during-sentencing_e38db2,2024-01-01
762,https://ground.news/article/harvard-alum-bill-ackman-says-board-members-should-be-next-to-go-after-claudine-gay-departure,2024-01-01
763,https://ground.news/article/un-human-rights-agency-decries-alabamas-use-of-nitrogen-hypoxia-in-execution,2024-01-01
764,https://ground.news/article/vivek-ramaswamy-goes-off-on-wapo-reporter-over-issue-of-white-supremacy,2024-01-01
765,https://ground.news/article/judge-attacked-in-las-vegas-courtroom-during-sentencing_e38db2,2024-01-01
766,https://ground.news/article/harvard-alum-bill-ackman-says-board-members-should-be-next-to-go-after-claudine-gay-departure,2024-01-01
767,https://ground.news/article/amateur-missouri-investigator-youtube-creator-helps-break-decade-old-missing-person-cold-case,2024-01-01
768,https://ground.news/article/judge-attacked-in-las-vegas-courtroom-during-sentencing_e38db2,2024-01-01
769,https://ground.news/article/harvard-alum-bill-ackman-says-board-members-should-be-next-to-go-after-claudine-gay-departure,2024-01-01
770,https://ground.news/article/amateur-missouri-investigator-youtube-creator-helps-break-decade-old-missing-person-cold-case,2024-01-01
771,https://ground.news/article/spacex-illegally-fired-employees-who-criticized-elon-musk-nlrb-alleges_5434d6,2024-01-01
772,https://ground.news/article/osprey-black-box-from-fatal-japan-crash-that-killed-8-recovered-with-data-intact-air-force-says_6a016d,2024-01-01
773,https://ground.news/article/amateur-missouri-investigator-youtube-creator-helps-break-decade-old-missing-person-cold-case,2024-01-01
774,https://ground.news/article/spacex-illegally-fired-employees-who-criticized-elon-musk-nlrb-alleges_5434d6,2024-01-01
775,https://ground.news/article/osprey-black-box-from-fatal-japan-crash-that-killed-8-recovered-with-data-intact-air-force-says_6a016d,2024-01-01
776,https://ground.news/article/more-hospitals-are-requiring-masks-as-flu-and-covid-19-cases-surge_5fc1fb,2024-01-01
777,https://ground.news/article/us-again-renews-protection-for-former-secretary-of-state-mike-pompeo-and-top-aide-over-iran-threats_4d6726,2024-01-01
778,https://ground.news/article/spacex-illegally-fired-employees-who-criticized-elon-musk-nlrb-alleges_5434d6,2024-01-01
779,https://ground.news/article/osprey-black-box-from-fatal-japan-crash-that-killed-8-recovered-with-data-intact-air-force-says_6a016d,2024-01-01
780,https://ground.news/article/more-hospitals-are-requiring-masks-as-flu-and-covid-19-cases-surge_5fc1fb,2024-01-01
781,https://ground.news/article/us-again-renews-protection-for-former-secretary-of-state-mike-pompeo-and-top-aide-over-iran-threats_4d6726,2024-01-01
782,https://ground.news/article/more-hospitals-are-requiring-masks-as-flu-and-covid-19-cases-surge_5fc1fb,2024-01-01
783,https://ground.news/article/us-again-renews-protection-for-former-secretary-of-state-mike-pompeo-and-top-aide-over-iran-threats_4d6726,2024-01-01
784,https://ground.news/article/gypsy-rose-blanchard-is-free-reflects-on-prison-term-for-conspiring-to-kill-her-abusive-mother_1e5016,2024-01-01
785,https://ground.news/article/pa-man-suspected-of-killing-wife-arrested-at-las-vegas-casino_05b6e5,2024-01-01
786,https://ground.news/article/usa-boxing-allows-men-to-fight-women-with-new-transgender-guidelines_0d1e35,2024-01-01
